x,y_exact
0.00000000000000000e+00,1.00000000000000000e+00
1.00100100100100099e-03,9.52182817612808208e-01
2.00200200200200198e-03,9.06748850254939676e-01
3.00300300300300298e-03,8.63581753698039356e-01
4.00400400400400397e-03,8.22570863427628196e-01
5.00500500500500496e-03,7.83610917369789717e-01
6.00600600600600595e-03,7.46601792153835486e-01
7.00700700700700695e-03,7.11448252250148849e-01
8.00800800800800794e-03,6.78059711354663364e-01
9.00900900900900893e-03,6.46350005422116403e-01
1.00100100100100099e-02,6.16237176779408813e-01
1.10110110110110109e-02,5.87643268778156758e-01
1.20120120120120119e-02,5.60494130471933527e-01
1.30130130130130129e-02,5.34719230828813674e-01
1.40140140140140139e-02,5.10251482013722502e-01
1.50150150150150149e-02,4.87027071297821246e-01
1.60160160160160159e-02,4.64985301173770238e-01
1.70170170170170151e-02,4.44068437276274208e-01
1.80180180180180179e-02,4.24221563726870532e-01
1.90190190190190206e-02,4.05392445540522617e-01
2.00200200200200198e-02,3.87531397749272422e-01
2.10210210210210191e-02,3.70591160915039519e-01
2.20220220220220218e-02,3.54526782719658040e-01
2.30230230230230246e-02,3.39295505335474645e-01
2.40240240240240238e-02,3.24856658294307488e-01
2.50250250250250231e-02,3.11171556586348652e-01
2.60260260260260258e-02,2.98203403733693695e-01
2.70270270270270285e-02,2.85917199595644322e-01
2.80280280280280278e-02,2.74279652674789709e-01
2.90290290290290270e-02,2.63259096704144657e-01
3.00300300300300298e-02,2.52825411306353054e-01
3.10310310310310325e-02,2.42949946526164168e-01
3.20320320320320318e-02,2.33605451047096874e-01
3.30330330330330310e-02,2.24766003912435425e-01
3.40340340340340303e-02,2.16406949579482699e-01
3.50350350350350365e-02,2.08504836144346561e-01
3.60360360360360357e-02,2.01037356582479898e-01
3.70370370370370350e-02,1.93983292857750650e-01
3.80380380380380412e-02,1.87322462760005776e-01
3.90390390390390404e-02,1.81035669337928945e-01
4.00400400400400397e-02,1.75104652800493255e-01
4.10410410410410390e-02,1.69512044766499281e-01
4.20420420420420382e-02,1.64241324747565670e-01
4.30430430430430444e-02,1.59276778755542747e-01
4.40440440440440437e-02,1.54603459930636233e-01
4.50450450450450429e-02,1.50207151091594104e-01
4.60460460460460491e-02,1.46074329114126100e-01
4.70470470470470484e-02,1.42192131048303499e-01
4.80480480480480476e-02,1.38548321890046150e-01
4.90490490490490469e-02,1.35131263925946821e-01
5.00500500500500461e-02,1.31929887574625621e-01
5.10510510510510523e-02,1.28933663651556452e-01
5.20520520520520516e-02,1.26132576987874417e-01
5.30530530530530509e-02,1.23517101337064852e-01
5.40540540540540571e-02,1.21078175506662500e-01
5.50550550550550563e-02,1.18807180655157552e-01
5.60560560560560556e-02,1.16695918697225648e-01
5.70570570570570548e-02,1.14736591763175216e-01
5.80580580580580541e-02,1.12921782661147302e-01
5.90590590590590603e-02,1.11244436293115395e-01
6.00600600600600595e-02,1.09697841978122212e-01
6.10610610610610588e-02,1.08275616638464134e-01
6.20620620620620650e-02,1.06971688806695442e-01
6.30630630630630573e-02,1.05780283413381665e-01
6.40640640640640635e-02,1.04695907317486958e-01
6.50650650650650697e-02,1.03713335543142049e-01
6.60660660660660620e-02,1.02827598188307834e-01
6.70670670670670682e-02,1.02033967972534279e-01
6.80680680680680605e-02,1.01327948392615413e-01
6.90690690690690667e-02,1.00705262456463329e-01
7.00700700700700729e-02,1.00161841966974183e-01
7.10710710710710653e-02,9.96938173290364549e-02
7.20720720720720714e-02,9.92975078541423889e-02
7.30730730730730776e-02,9.89694125383108192e-02
7.40740740740740700e-02,9.87062012902149566e-02
7.50750750750750762e-02,9.85047065875370859e-02
7.60760760760760824e-02,9.83619155406449397e-02
7.70770770770770747e-02,9.82749623437047942e-02
7.80780780780780809e-02,9.82411210943176932e-02
7.90790790790790732e-02,9.82577989636878868e-02
8.00800800800800794e-02,9.83225297002112697e-02
8.10810810810810856e-02,9.84329674502068402e-02
8.20820820820820779e-02,9.85868808803087859e-02
8.30830830830830841e-02,9.87821475867927262e-02
8.40840840840840764e-02,9.90167487778285671e-02
8.50850850850850826e-02,9.92887642153359451e-02
8.60860860860860888e-02,9.95963674037693147e-02
8.70870870870870811e-02,9.99378210137775863e-02
8.80880880880880873e-02,1.00311472529272541e-01
8.90890890890890935e-02,1.00715750106999416e-01
9.00900900900900858e-02,1.01149158638235717e-01
9.10910910910910920e-02,1.01610276002750757e-01
9.20920920920920982e-02,1.02097749505640045e-01
9.30930930930930906e-02,1.02610292488107019e-01
9.40940940940940967e-02,1.03146681103700247e-01
9.50950950950950891e-02,1.03705751251928713e-01
9.60960960960960953e-02,1.04286395661572745e-01
9.70970970970971015e-02,1.04887561116382075e-01
9.80980980980980938e-02,1.05508245816210489e-01
9.90990990990991000e-02,1.06147496866975097e-01
1.00100100100100092e-01,1.06804407893150988e-01
1.01101101101101098e-01,1.07478116766819939e-01
1.02102102102102105e-01,1.08167803447582506e-01
1.03103103103103097e-01,1.08872687927921832e-01
1.04104104104104103e-01,1.09592028278871101e-01
1.05105105105105109e-01,1.10325118791087834e-01
1.06106106106106102e-01,1.11071288206677651e-01
1.07107107107107108e-01,1.11829898037337186e-01
1.08108108108108114e-01,1.12600340964602127e-01
1.09109109109109106e-01,1.13382039318192324e-01
1.10110110110110113e-01,1.14174443628641362e-01
1.11111111111111105e-01,1.14977031250583908e-01
1.12112112112112111e-01,1.15789305053252023e-01
1.13113113113113117e-01,1.16610792174898698e-01
1.14114114114114110e-01,1.17441042838028392e-01
1.15115115115115116e-01,1.18279629222465918e-01
1.16116116116116108e-01,1.19126144393439728e-01
1.17117117117117114e-01,1.19980201281994700e-01
1.18118118118118121e-01,1.20841431715178887e-01
1.19119119119119113e-01,1.21709485493575006e-01
1.20120120120120119e-01,1.22584029513865211e-01
1.21121121121121125e-01,1.23464746934230485e-01
1.22122122122122118e-01,1.24351336380493796e-01
1.23123123123123124e-01,1.25243511191018037e-01
1.24124124124124130e-01,1.26140998698466428e-01
1.25125125125125136e-01,1.27043539546626200e-01
1.26126126126126115e-01,1.27950887040583799e-01
1.27127127127127121e-01,1.28862806528623197e-01
1.28128128128128127e-01,1.29779074814298845e-01
1.29129129129129133e-01,1.30699479597210261e-01
1.30130130130130139e-01,1.31623818941076748e-01
1.31131131131131118e-01,1.32551900767780034e-01
1.32132132132132124e-01,1.33483542376106740e-01
1.33133133133133130e-01,1.34418569983984715e-01
1.34134134134134136e-01,1.35356818293066894e-01
1.35135135135135143e-01,1.36298130074571283e-01
1.36136136136136121e-01,1.37242355775339331e-01
1.37137137137137127e-01,1.38189353143126109e-01
1.38138138138138133e-01,1.39138986870182751e-01
1.39139139139139140e-01,1.40091128254238945e-01
1.40140140140140146e-01,1.41045654876035459e-01
1.41141141141141152e-01,1.42002450292598809e-01
1.42142142142142131e-01,1.42961403745489990e-01
1.43143143143143137e-01,1.43922409883295854e-01
1.44144144144144143e-01,1.44885368497667782e-01
1.45145145145145149e-01,1.45850184272246663e-01
1.46146146146146155e-01,1.46816766543844984e-01
1.47147147147147134e-01,1.47785029075287233e-01
1.48148148148148140e-01,1.48754889839340293e-01
1.49149149149149146e-01,1.49726270813191426e-01
1.50150150150150152e-01,1.50699097782959895e-01
1.51151151151151159e-01,1.51673300157751878e-01
1.52152152152152165e-01,1.52648810792792688e-01
1.53153153153153143e-01,1.53625565821193549e-01
1.54154154154154149e-01,1.54603504493931260e-01
1.55155155155155156e-01,1.55582569027639478e-01
1.56156156156156162e-01,1.56562704459830893e-01
1.57157157157157168e-01,1.57543858511186935e-01
1.58158158158158146e-01,1.58525981454570447e-01
1.59159159159159153e-01,1.59509025990432735e-01
1.60160160160160159e-01,1.60492947128303171e-01
1.61161161161161165e-01,1.61477702074064172e-01
1.62162162162162171e-01,1.62463250122729219e-01
1.63163163163163150e-01,1.63449552556455269e-01
1.64164164164164156e-01,1.64436572547534104e-01
1.65165165165165162e-01,1.65424275066119258e-01
1.66166166166166168e-01,1.66412626792457802e-01
1.67167167167167174e-01,1.67401596033406541e-01
1.68168168168168153e-01,1.68391152643023956e-01
1.69169169169169159e-01,1.69381267947038727e-01
1.70170170170170165e-01,1.70371914671005292e-01
1.71171171171171171e-01,1.71363066871966979e-01
1.72172172172172178e-01,1.72354699873455114e-01
1.73173173173173184e-01,1.73346790203661477e-01
1.74174174174174162e-01,1.74339315536628764e-01
1.75175175175175168e-01,1.75332254636312468e-01
1.76176176176176175e-01,1.76325587303373166e-01
1.77177177177177181e-01,1.77319294324566445e-01
1.78178178178178187e-01,1.78313357424603580e-01
1.79179179179179165e-01,1.79307759220362295e-01
1.80180180180180172e-01,1.80302483177332745e-01
1.81181181181181178e-01,1.81297513568189850e-01
1.82182182182182184e-01,1.82292835433387868e-01
1.83183183183183190e-01,1.83288434543679019e-01
1.84184184184184196e-01,1.84284297364461475e-01
1.85185185185185175e-01,1.85280411021868097e-01
1.86186186186186181e-01,1.86276763270510626e-01
1.87187187187187187e-01,1.87273342462798309e-01
1.88188188188188193e-01,1.88270137519754688e-01
1.89189189189189200e-01,1.89267137903258748e-01
1.90190190190190178e-01,1.90264333589641399e-01
1.91191191191191184e-01,1.91261715044570957e-01
1.92192192192192191e-01,1.92259273199164443e-01
1.93193193193193197e-01,1.93256999427265208e-01
1.94194194194194203e-01,1.94254885523829968e-01
1.95195195195195181e-01,1.95252923684370722e-01
1.96196196196196188e-01,1.96251106485400423e-01
1.97197197197197194e-01,1.97249426865833161e-01
1.98198198198198200e-01,1.98247878109292397e-01
1.99199199199199206e-01,1.99246453827282899e-01
2.00200200200200185e-01,2.00245147943184154e-01
2.01201201201201191e-01,2.01243954677025272e-01
2.02202202202202197e-01,2.02242868531003012e-01
2.03203203203203203e-01,2.03241884275706913e-01
2.04204204204204209e-01,2.04240996937016778e-01
2.05205205205205216e-01,2.05240201783639969e-01
2.06206206206206194e-01,2.06239494315256983e-01
2.07207207207207200e-01,2.07238870251245683e-01
2.08208208208208206e-01,2.08238325519956191e-01
2.09209209209209213e-01,2.09237856248509130e-01
2.10210210210210219e-01,2.10237458753092077e-01
2.11211211211211197e-01,2.11237129529729589e-01
2.12212212212212203e-01,2.12236865245504031e-01
2.13213213213213210e-01,2.13236662730204724e-01
2.14214214214214216e-01,2.14236518968384887e-01
2.15215215215215222e-01,2.15236431091806346e-01
2.16216216216216228e-01,2.16236396372253198e-01
2.17217217217217207e-01,2.17236412214695945e-01
2.18218218218218213e-01,2.18236476150789921e-01
2.19219219219219219e-01,2.19236585832690345e-01
2.20220220220220225e-01,2.20236739027170086e-01
2.21221221221221231e-01,2.21236933610024056e-01
2.22222222222222210e-01,2.22237167560746990e-01
2.23223223223223216e-01,2.23237438957471085e-01
2.24224224224224222e-01,2.24237745972150598e-01
2.25225225225225228e-01,2.25238086865981596e-01
2.26226226226226235e-01,2.26238459985045492e-01
2.27227227227227213e-01,2.27238863756164894e-01
2.28228228228228219e-01,2.28239296682962223e-01
2.29229229229229226e-01,2.29239757342110190e-01
2.30230230230230232e-01,2.30240244379765840e-01
2.31231231231231238e-01,2.31240756508178352e-01
2.32232232232232216e-01,2.32241292502462504e-01
2.33233233233233223e-01,2.33241851197529854e-01
2.34234234234234229e-01,2.34242431485169406e-01
2.35235235235235235e-01,2.35243032311270972e-01
2.36236236236236241e-01,2.36243652673184173e-01
2.37237237237237247e-01,2.37244291617206171e-01
2.38238238238238226e-01,2.38244948236192133e-01
2.39239239239239232e-01,2.39245621667282499e-01
2.40240240240240238e-01,2.40246311089740816e-01
2.41241241241241244e-01,2.41247015722897584e-01
2.42242242242242251e-01,2.42247734824194122e-01
2.43243243243243229e-01,2.43248467687322112e-01
2.44244244244244235e-01,2.44249213640453960e-01
2.45245245245245241e-01,2.45249972044559478e-01
2.46246246246246248e-01,2.46250742291804714e-01
2.47247247247247254e-01,2.47251523804029122e-01
2.48248248248248260e-01,2.48252316031296882e-01
2.49249249249249238e-01,2.49253118450519007e-01
2.50250250250250272e-01,2.50253930564142912e-01
2.51251251251251251e-01,2.51254751898905337e-01
2.52252252252252229e-01,2.52255582004647150e-01
2.53253253253253263e-01,2.53256420453185138e-01
2.54254254254254242e-01,2.54257266837239038e-01
2.55255255255255276e-01,2.55258120769411456e-01
2.56256256256256254e-01,2.56258981881216819e-01
2.57257257257257232e-01,2.57259849822158659e-01
2.58258258258258266e-01,2.58260724258850882e-01
2.59259259259259245e-01,2.59261604874182705e-01
2.60260260260260279e-01,2.60262491366524240e-01
2.61261261261261257e-01,2.61263383448970432e-01
2.62262262262262236e-01,2.62264280848622633e-01
2.63263263263263270e-01,2.63265183305904538e-01
2.64264264264264248e-01,2.64266090573911760e-01
2.65265265265265282e-01,2.65267002417793496e-01
2.66266266266266260e-01,2.66267918614163768e-01
2.67267267267267239e-01,2.67268838950542098e-01
2.68268268268268273e-01,2.68269763224820768e-01
2.69269269269269251e-01,2.69270691244758609e-01
2.70270270270270285e-01,2.70271622827499447e-01
2.71271271271271264e-01,2.71272557799113578e-01
2.72272272272272242e-01,2.72273495994162396e-01
2.73273273273273276e-01,2.73274437255283775e-01
2.74274274274274255e-01,2.74275381432797505e-01
2.75275275275275289e-01,2.75276328384330693e-01
2.76276276276276267e-01,2.76277277974460722e-01
2.77277277277277301e-01,2.77278230074376075e-01
2.78278278278278279e-01,2.78279184561553539e-01
2.79279279279279258e-01,2.79280141319451392e-01
2.80280280280280292e-01,2.80281100237217196e-01
2.81281281281281270e-01,2.81282061209410073e-01
2.82282282282282304e-01,2.82283024135736693e-01
2.83283283283283283e-01,2.83283988920799701e-01
2.84284284284284261e-01,2.84284955473858958e-01
2.85285285285285295e-01,2.85285923708604283e-01
2.86286286286286273e-01,2.86286893542938570e-01
2.87287287287287307e-01,2.87287864898773004e-01
2.88288288288288286e-01,2.88288837701830558e-01
2.89289289289289264e-01,2.89289811881460468e-01
2.90290290290290298e-01,2.90290787370461045e-01
2.91291291291291277e-01,2.91291764104911088e-01
2.92292292292292311e-01,2.92292742024010122e-01
2.93293293293293289e-01,2.93293721069925628e-01
2.94294294294294267e-01,2.94294701187648500e-01
2.95295295295295301e-01,2.95295682324855147e-01
2.96296296296296280e-01,2.96296664431776102e-01
2.97297297297297314e-01,2.97297647461071790e-01
2.98298298298298292e-01,2.98298631367713396e-01
2.99299299299299271e-01,2.99299616108870570e-01
3.00300300300300305e-01,3.00300601643803899e-01
3.01301301301301283e-01,3.01301587933762438e-01
3.02302302302302317e-01,3.02302574941887392e-01
3.03303303303303295e-01,3.03303562633119139e-01
3.04304304304304329e-01,3.04304550974109633e-01
3.05305305305305308e-01,3.05305539933138859e-01
3.06306306306306286e-01,3.06306529480035228e-01
3.07307307307307320e-01,3.07307519586100197e-01
3.08308308308308299e-01,3.08308510224036159e-01
3.09309309309309333e-01,3.09309501367878159e-01
3.10310310310310311e-01,3.10310492992928677e-01
3.11311311311311290e-01,3.11311485075696115e-01
3.12312312312312323e-01,3.12312477593835569e-01
3.13313313313313302e-01,3.13313470526092819e-01
3.14314314314314336e-01,3.14314463852251536e-01
3.15315315315315314e-01,3.15315457553082101e-01
3.16316316316316293e-01,3.16316451610293703e-01
3.17317317317317327e-01,3.17317446006488535e-01
3.18318318318318305e-01,3.18318440725117946e-01
3.19319319319319339e-01,3.19319435750441361e-01
3.20320320320320318e-01,3.20320431067486477e-01
3.21321321321321296e-01,3.21321426662012022e-01
3.22322322322322330e-01,3.22322422520471885e-01
3.23323323323323308e-01,3.23323418629981207e-01
3.24324324324324342e-01,3.24324414978284348e-01
3.25325325325325321e-01,3.25325411553723687e-01
3.26326326326326299e-01,3.26326408345210872e-01
3.27327327327327333e-01,3.27327405342198952e-01
3.28328328328328312e-01,3.28328402534655617e-01
3.29329329329329346e-01,3.29329399913038556e-01
3.30330330330330324e-01,3.30330397468271086e-01
3.31331331331331302e-01,3.31331395191719780e-01
3.32332332332332336e-01,3.32332393075172650e-01
3.33333333333333315e-01,3.33333391110818500e-01
3.34334334334334349e-01,3.34334389291227663e-01
3.35335335335335327e-01,3.35335387609332958e-01
3.36336336336336306e-01,3.36336386058412318e-01
3.37337337337337340e-01,3.37337384632071913e-01
3.38338338338338318e-01,3.38338383324229885e-01
3.39339339339339352e-01,3.39339382129101419e-01
3.40340340340340330e-01,3.40340381041183970e-01
3.41341341341341364e-01,3.41341380055243726e-01
3.42342342342342343e-01,3.42342379166302335e-01
3.43343343343343321e-01,3.43343378369624475e-01
3.44344344344344355e-01,3.44344377660706080e-01
3.45345345345345334e-01,3.45345377035262802e-01
3.46346346346346368e-01,3.46346376489219621e-01
3.47347347347347346e-01,3.47347376018700305e-01
3.48348348348348325e-01,3.48348375620017914e-01
3.49349349349349358e-01,3.49349375289665587e-01
3.50350350350350337e-01,3.50350375024307437e-01
3.51351351351351371e-01,3.51351374820770723e-01
3.52352352352352349e-01,3.52352374676037305e-01
3.53353353353353328e-01,3.53353374587236535e-01
3.54354354354354362e-01,3.54354374551637930e-01
3.55355355355355340e-01,3.55355374566644233e-01
3.56356356356356374e-01,3.56356374629785033e-01
3.57357357357357353e-01,3.57357374738710432e-01
3.58358358358358331e-01,3.58358374891185327e-01
3.59359359359359365e-01,3.59359375085083754e-01
3.60360360360360343e-01,3.60360375318383441e-01
3.61361361361361377e-01,3.61361375589160982e-01
3.62362362362362356e-01,3.62362375895586619e-01
3.63363363363363334e-01,3.63363376235920188e-01
3.64364364364364368e-01,3.64364376608506346e-01
3.65365365365365347e-01,3.65365377011770576e-01
3.66366366366366381e-01,3.66366377444215241e-01
3.67367367367367359e-01,3.67367377904415759e-01
3.68368368368368393e-01,3.68368378391017270e-01
3.69369369369369371e-01,3.69369378902730749e-01
3.70370370370370350e-01,3.70370379438330344e-01
3.71371371371371384e-01,3.71371379996650042e-01
3.72372372372372362e-01,3.72372380576580564e-01
3.73373373373373396e-01,3.73373381177067087e-01
3.74374374374374375e-01,3.74374381797105915e-01
3.75375375375375353e-01,3.75375382435742588e-01
3.76376376376376387e-01,3.76376383092069333e-01
3.77377377377377365e-01,3.77377383765222396e-01
3.78378378378378399e-01,3.78378384454380434e-01
3.79379379379379378e-01,3.79379385158762017e-01
3.80380380380380356e-01,3.80380385877624017e-01
3.81381381381381390e-01,3.81381386610259610e-01
3.82382382382382369e-01,3.82382387355996278e-01
3.83383383383383403e-01,3.83383388114194479e-01
3.84384384384384381e-01,3.84384388884245864e-01
3.85385385385385359e-01,3.85385389665571787e-01
3.86386386386386393e-01,3.86386390457621909e-01
3.87387387387387372e-01,3.87387391259872538e-01
3.88388388388388406e-01,3.88388392071825905e-01
3.89389389389389384e-01,3.89389392893008168e-01
3.90390390390390363e-01,3.90390393722968798e-01
3.91391391391391397e-01,3.91391394561279415e-01
3.92392392392392375e-01,3.92392395407532235e-01
3.93393393393393409e-01,3.93393396261339623e-01
3.94394394394394388e-01,3.94394397122332652e-01
3.95395395395395366e-01,3.95395397990160657e-01
3.96396396396396400e-01,3.96396398864489963e-01
3.97397397397397378e-01,3.97397399745003099e-01
3.98398398398398412e-01,3.98398400631398308e-01
3.99399399399399391e-01,3.99399401523388264e-01
4.00400400400400369e-01,4.00400402420699963e-01
4.01401401401401403e-01,4.01401403323073669e-01
4.02402402402402382e-01,4.02402404230262078e-01
4.03403403403403416e-01,4.03403405142030325e-01
4.04404404404404394e-01,4.04404406058154697e-01
4.05405405405405428e-01,4.05405406978422644e-01
4.06406406406406406e-01,4.06406407902631772e-01
4.07407407407407385e-01,4.07407408830589735e-01
4.08408408408408419e-01,4.08408409762113622e-01
4.09409409409409397e-01,4.09409410697029130e-01
4.10410410410410431e-01,4.10410411635170946e-01
4.11411411411411410e-01,4.11411412576381308e-01
4.12412412412412388e-01,4.12412413520510612e-01
4.13413413413413422e-01,4.13413414467416307e-01
4.14414414414414400e-01,4.14414415416962778e-01
4.15415415415415434e-01,4.15415416369021184e-01
4.16416416416416413e-01,4.16416417323468901e-01
4.17417417417417391e-01,4.17417418280189190e-01
4.18418418418418425e-01,4.18418419239071304e-01
4.19419419419419404e-01,4.19419420200009496e-01
4.20420420420420438e-01,4.20420421162903513e-01
4.21421421421421416e-01,4.21421422127657819e-01
4.22422422422422394e-01,4.22422423094181654e-01
4.23423423423423428e-01,4.23423424062388587e-01
4.24424424424424407e-01,4.24424425032196462e-01
4.25425425425425441e-01,4.25425426003527174e-01
4.26426426426426419e-01,4.26426426976306283e-01
4.27427427427427398e-01,4.27427427950463124e-01
4.28428428428428432e-01,4.28428428925930471e-01
4.29429429429429410e-01,4.29429429902644322e-01
4.30430430430430444e-01,4.30430430880543891e-01
4.31431431431431422e-01,4.31431431859571113e-01
4.32432432432432456e-01,4.32432432839671144e-01
4.33433433433433435e-01,4.33433433820791469e-01
4.34434434434434413e-01,4.34434434802882352e-01
4.35435435435435447e-01,4.35435435785896441e-01
4.36436436436436426e-01,4.36436436769788549e-01
4.37437437437437460e-01,4.37437437754515934e-01
4.38438438438438438e-01,4.38438438740037684e-01
4.39439439439439417e-01,4.39439439726315162e-01
4.40440440440440450e-01,4.40440440713311454e-01
4.41441441441441429e-01,4.41441441700991366e-01
4.42442442442442463e-01,4.42442442689321647e-01
4.43443443443443441e-01,4.43443443678270433e-01
4.44444444444444420e-01,4.44444444667807581e-01
4.45445445445445454e-01,4.45445445657904393e-01
4.46446446446446432e-01,4.46446446648533557e-01
4.47447447447447466e-01,4.47447447639669038e-01
4.48448448448448445e-01,4.48448448631286134e-01
4.49449449449449423e-01,4.49449449623361308e-01
4.50450450450450457e-01,4.50450450615872244e-01
4.51451451451451435e-01,4.51451451608797627e-01
4.52452452452452469e-01,4.52452452602117305e-01
4.53453453453453448e-01,4.53453453595811962e-01
4.54454454454454426e-01,4.54454454589863222e-01
4.55455455455455460e-01,4.55455455584253877e-01
4.56456456456456439e-01,4.56456456578967107e-01
4.57457457457457473e-01,4.57457457573987425e-01
4.58458458458458451e-01,4.58458458569299621e-01
4.59459459459459429e-01,4.59459459564889539e-01
4.60460460460460463e-01,4.60460460560743634e-01
4.61461461461461442e-01,4.61461461556848973e-01
4.62462462462462476e-01,4.62462462553193399e-01
4.63463463463463454e-01,4.63463463549765031e-01
4.64464464464464433e-01,4.64464464546552935e-01
4.65465465465465467e-01,4.65465465543546564e-01
4.66466466466466445e-01,4.66466466540735758e-01
4.67467467467467479e-01,4.67467467538111081e-01
4.68468468468468457e-01,4.68468468535663374e-01
4.69469469469469491e-01,4.69469469533384087e-01
4.70470470470470470e-01,4.70470470531264839e-01
4.71471471471471448e-01,4.71471471529297970e-01
4.72472472472472482e-01,4.72472472527476040e-01
4.73473473473473461e-01,4.73473473525791833e-01
4.74474474474474495e-01,4.74474474524238798e-01
4.75475475475475473e-01,4.75475475522810331e-01
4.76476476476476452e-01,4.76476476521500547e-01
4.77477477477477485e-01,4.77477477520303561e-01
4.78478478478478464e-01,4.78478478519213879e-01
4.79479479479479498e-01,4.79479479518226281e-01
4.80480480480480476e-01,4.80480480517335717e-01
4.81481481481481455e-01,4.81481481516537468e-01
4.82482482482482489e-01,4.82482482515827149e-01
4.83483483483483467e-01,4.83483483515200263e-01
4.84484484484484501e-01,4.84484484514652980e-01
4.85485485485485480e-01,4.85485485514181192e-01
4.86486486486486458e-01,4.86486486513781291e-01
4.87487487487487492e-01,4.87487487513449835e-01
4.88488488488488470e-01,4.88488488513183383e-01
4.89489489489489504e-01,4.89489489512978826e-01
4.90490490490490483e-01,4.90490490512833111e-01
4.91491491491491461e-01,4.91491491512743350e-01
4.92492492492492495e-01,4.92492492512706936e-01
4.93493493493493474e-01,4.93493493512721093e-01
4.94494494494494508e-01,4.94494494512783433e-01
4.95495495495495486e-01,4.95495495512891571e-01
4.96496496496496520e-01,4.96496496513043395e-01
4.97497497497497498e-01,4.97497497513236575e-01
4.98498498498498477e-01,4.98498498513469168e-01
4.99499499499499511e-01,4.99499499513739398e-01
5.00500500500500545e-01,5.00500500514045266e-01
5.01501501501501523e-01,5.01501501514384995e-01
5.02502502502502502e-01,5.02502502514757032e-01
5.03503503503503480e-01,5.03503503515159823e-01
5.04504504504504458e-01,5.04504504515591701e-01
5.05505505505505548e-01,5.05505505516051556e-01
5.06506506506506526e-01,5.06506506516537724e-01
5.07507507507507505e-01,5.07507507517048984e-01
5.08508508508508483e-01,5.08508508517584112e-01
5.09509509509509462e-01,5.09509509518142112e-01
5.10510510510510551e-01,5.10510510518721761e-01
5.11511511511511530e-01,5.11511511519321838e-01
5.12512512512512508e-01,5.12512512519941565e-01
5.13513513513513487e-01,5.13513513520579834e-01
5.14514514514514465e-01,5.14514514521235866e-01
5.15515515515515554e-01,5.15515515521908774e-01
5.16516516516516533e-01,5.16516516522597668e-01
5.17517517517517511e-01,5.17517517523301773e-01
5.18518518518518490e-01,5.18518518524020422e-01
5.19519519519519468e-01,5.19519519524752837e-01
5.20520520520520558e-01,5.20520520525498354e-01
5.21521521521521536e-01,5.21521521526256415e-01
5.22522522522522515e-01,5.22522522527026245e-01
5.23523523523523493e-01,5.23523523527807289e-01
5.24524524524524471e-01,5.24524524528599212e-01
5.25525525525525561e-01,5.25525525529401349e-01
5.26526526526526539e-01,5.26526526530213146e-01
5.27527527527527518e-01,5.27527527531034157e-01
5.28528528528528496e-01,5.28528528531863939e-01
5.29529529529529475e-01,5.29529529532702048e-01
5.30530530530530564e-01,5.30530530533548261e-01
5.31531531531531543e-01,5.31531531534401913e-01
5.32532532532532521e-01,5.32532532535262781e-01
5.33533533533533499e-01,5.33533533536130422e-01
5.34534534534534478e-01,5.34534534537004613e-01
5.35535535535535567e-01,5.35535535537885132e-01
5.36536536536536546e-01,5.36536536538771425e-01
5.37537537537537524e-01,5.37537537539663268e-01
5.38538538538538503e-01,5.38538538540560552e-01
5.39539539539539481e-01,5.39539539541462831e-01
5.40540540540540571e-01,5.40540540542369996e-01
5.41541541541541549e-01,5.41541541543281602e-01
5.42542542542542527e-01,5.42542542544197648e-01
5.43543543543543506e-01,5.43543543545117913e-01
5.44544544544544484e-01,5.44544544546041953e-01
5.45545545545545574e-01,5.45545545546969990e-01
5.46546546546546552e-01,5.46546546547901357e-01
5.47547547547547531e-01,5.47547547548836278e-01
5.48548548548548509e-01,5.48548548549774306e-01
5.49549549549549599e-01,5.49549549550715555e-01
5.50550550550550577e-01,5.50550550551659579e-01
5.51551551551551555e-01,5.51551551552606489e-01
5.52552552552552534e-01,5.52552552553555953e-01
5.53553553553553512e-01,5.53553553554507971e-01
5.54554554554554602e-01,5.54554554555462431e-01
5.55555555555555580e-01,5.55555555556419112e-01
5.56556556556556559e-01,5.56556556557377902e-01
5.57557557557557537e-01,5.57557557558338801e-01
5.58558558558558516e-01,5.58558558559301588e-01
5.59559559559559605e-01,5.59559559560266484e-01
5.60560560560560583e-01,5.60560560561232935e-01
5.61561561561561562e-01,5.61561561562201050e-01
5.62562562562562540e-01,5.62562562563170832e-01
5.63563563563563519e-01,5.63563563564142056e-01
5.64564564564564608e-01,5.64564564565114946e-01
5.65565565565565587e-01,5.65565565566089057e-01
5.66566566566566565e-01,5.66566566567064500e-01
5.67567567567567544e-01,5.67567567568041165e-01
5.68568568568568522e-01,5.68568568569019051e-01
5.69569569569569611e-01,5.69569569569998158e-01
5.70570570570570590e-01,5.70570570570978153e-01
5.71571571571571568e-01,5.71571571571959258e-01
5.72572572572572547e-01,5.72572572572941363e-01
5.73573573573573525e-01,5.73573573573924245e-01
5.74574574574574615e-01,5.74574574574908237e-01
5.75575575575575593e-01,5.75575575575892895e-01
5.76576576576576572e-01,5.76576576576878441e-01
5.77577577577577550e-01,5.77577577577864654e-01
5.78578578578578528e-01,5.78578578578851643e-01
5.79579579579579618e-01,5.79579579579839410e-01
5.80580580580580596e-01,5.80580580580827732e-01
5.81581581581581575e-01,5.81581581581816609e-01
5.82582582582582553e-01,5.82582582582806152e-01
5.83583583583583532e-01,5.83583583583796139e-01
5.84584584584584621e-01,5.84584584584786904e-01
5.85585585585585600e-01,5.85585585585778001e-01
5.86586586586586578e-01,5.86586586586769543e-01
5.87587587587587556e-01,5.87587587587761639e-01
5.88588588588588535e-01,5.88588588588754069e-01
5.89589589589589624e-01,5.89589589589747054e-01
5.90590590590590603e-01,5.90590590590740372e-01
5.91591591591591581e-01,5.91591591591734023e-01
5.92592592592592560e-01,5.92592592592728118e-01
5.93593593593593538e-01,5.93593593593722435e-01
5.94594594594594628e-01,5.94594594594717196e-01
5.95595595595595606e-01,5.95595595595712179e-01
5.96596596596596584e-01,5.96596596596707496e-01
5.97597597597597563e-01,5.97597597597703034e-01
5.98598598598598541e-01,5.98598598598698906e-01
5.99599599599599631e-01,5.99599599599695110e-01
6.00600600600600609e-01,6.00600600600691426e-01
6.01601601601601588e-01,6.01601601601687963e-01
6.02602602602602566e-01,6.02602602602684723e-01
6.03603603603603545e-01,6.03603603603681704e-01
6.04604604604604634e-01,6.04604604604679019e-01
6.05605605605605612e-01,6.05605605605676334e-01
6.06606606606606591e-01,6.06606606606673870e-01
6.07607607607607569e-01,6.07607607607671518e-01
6.08608608608608659e-01,6.08608608608669499e-01
6.09609609609609637e-01,6.09609609609667480e-01
6.10610610610610616e-01,6.10610610610665683e-01
6.11611611611611594e-01,6.11611611611663997e-01
6.12612612612612573e-01,6.12612612612662422e-01
6.13613613613613662e-01,6.13613613613661069e-01
6.14614614614614641e-01,6.14614614614659716e-01
6.15615615615615619e-01,6.15615615615658474e-01
6.16616616616616597e-01,6.16616616616657343e-01
6.17617617617617576e-01,6.17617617617656323e-01
6.18618618618618665e-01,6.18618618618655525e-01
6.19619619619619644e-01,6.19619619619654727e-01
6.20620620620620622e-01,6.20620620620654040e-01
6.21621621621621601e-01,6.21621621621653353e-01
6.22622622622622579e-01,6.22622622622652777e-01
6.23623623623623669e-01,6.23623623623652423e-01
6.24624624624624647e-01,6.24624624624651958e-01
6.25625625625625625e-01,6.25625625625651605e-01
6.26626626626626604e-01,6.26626626626651362e-01
6.27627627627627582e-01,6.27627627627651119e-01
6.28628628628628672e-01,6.28628628628650987e-01
6.29629629629629650e-01,6.29629629629650966e-01
6.30630630630630629e-01,6.30630630630650835e-01
6.31631631631631607e-01,6.31631631631650814e-01
6.32632632632632586e-01,6.32632632632650904e-01
6.33633633633633675e-01,6.33633633633651105e-01
6.34634634634634653e-01,6.34634634634651196e-01
6.35635635635635632e-01,6.35635635635651397e-01
6.36636636636636610e-01,6.36636636636651598e-01
6.37637637637637589e-01,6.37637637637651800e-01
6.38638638638638678e-01,6.38638638638652223e-01
6.39639639639639657e-01,6.39639639639652535e-01
6.40640640640640635e-01,6.40640640640652848e-01
6.41641641641641614e-01,6.41641641641653271e-01
6.42642642642642592e-01,6.42642642642653694e-01
6.43643643643643681e-01,6.43643643643654229e-01
6.44644644644644660e-01,6.44644644644654652e-01
6.45645645645645638e-01,6.45645645645655186e-01
6.46646646646646617e-01,6.46646646646655721e-01
6.47647647647647595e-01,6.47647647647656255e-01
6.48648648648648685e-01,6.48648648648656900e-01
6.49649649649649663e-01,6.49649649649657435e-01
6.50650650650650642e-01,6.50650650650658080e-01
6.51651651651651620e-01,6.51651651651658725e-01
6.52652652652652598e-01,6.52652652652659371e-01
6.53653653653653688e-01,6.53653653653660127e-01
6.54654654654654666e-01,6.54654654654660773e-01
6.55655655655655645e-01,6.55655655655661418e-01
6.56656656656656623e-01,6.56656656656662174e-01
6.57657657657657602e-01,6.57657657657662820e-01
6.58658658658658691e-01,6.58658658658663687e-01
6.59659659659659670e-01,6.59659659659664444e-01
6.60660660660660648e-01,6.60660660660665200e-01
6.61661661661661626e-01,6.61661661661665956e-01
6.62662662662662605e-01,6.62662662662666713e-01
6.63663663663663694e-01,6.63663663663667580e-01
6.64664664664664673e-01,6.64664664664668337e-01
6.65665665665665651e-01,6.65665665665669204e-01
6.66666666666666630e-01,6.66666666666669960e-01
6.67667667667667608e-01,6.67667667667670828e-01
6.68668668668668698e-01,6.68668668668671695e-01
6.69669669669669676e-01,6.69669669669672563e-01
6.70670670670670654e-01,6.70670670670673430e-01
6.71671671671671633e-01,6.71671671671674186e-01
6.72672672672672611e-01,6.72672672672675054e-01
6.73673673673673701e-01,6.73673673673676032e-01
6.74674674674674679e-01,6.74674674674676900e-01
6.75675675675675658e-01,6.75675675675677767e-01
6.76676676676676636e-01,6.76676676676678635e-01
6.77677677677677726e-01,6.77677677677679613e-01
6.78678678678678704e-01,6.78678678678680480e-01
6.79679679679679682e-01,6.79679679679681459e-01
6.80680680680680661e-01,6.80680680680682326e-01
6.81681681681681639e-01,6.81681681681683194e-01
6.82682682682682729e-01,6.82682682682684172e-01
6.83683683683683707e-01,6.83683683683685151e-01
6.84684684684684686e-01,6.84684684684686018e-01
6.85685685685685664e-01,6.85685685685686996e-01
6.86686686686686643e-01,6.86686686686687864e-01
6.87687687687687732e-01,6.87687687687688953e-01
6.88688688688688710e-01,6.88688688688689821e-01
6.89689689689689689e-01,6.89689689689690799e-01
6.90690690690690667e-01,6.90690690690691667e-01
6.91691691691691646e-01,6.91691691691692645e-01
6.92692692692692735e-01,6.92692692692693623e-01
6.93693693693693714e-01,6.93693693693694602e-01
6.94694694694694692e-01,6.94694694694695469e-01
6.95695695695695671e-01,6.95695695695696448e-01
6.96696696696696649e-01,6.96696696696697426e-01
6.97697697697697738e-01,6.97697697697698405e-01
6.98698698698698717e-01,6.98698698698699383e-01
6.99699699699699695e-01,6.99699699699700361e-01
7.00700700700700674e-01,7.00700700700701229e-01
7.01701701701701652e-01,7.01701701701702207e-01
7.02702702702702742e-01,7.02702702702703297e-01
7.03703703703703720e-01,7.03703703703704275e-01
7.04704704704704699e-01,7.04704704704705143e-01
7.05705705705705677e-01,7.05705705705706121e-01
7.06706706706706655e-01,7.06706706706707100e-01
7.07707707707707745e-01,7.07707707707708189e-01
7.08708708708708723e-01,7.08708708708709167e-01
7.09709709709709702e-01,7.09709709709710035e-01
7.10710710710710680e-01,7.10710710710711013e-01
7.11711711711711659e-01,7.11711711711711992e-01
7.12712712712712748e-01,7.12712712712713081e-01
7.13713713713713727e-01,7.13713713713714060e-01
7.14714714714714705e-01,7.14714714714715038e-01
7.15715715715715683e-01,7.15715715715716017e-01
7.16716716716716662e-01,7.16716716716716884e-01
7.17717717717717751e-01,7.17717717717717973e-01
7.18718718718718730e-01,7.18718718718718952e-01
7.19719719719719708e-01,7.19719719719719930e-01
7.20720720720720687e-01,7.20720720720720909e-01
7.21721721721721665e-01,7.21721721721721887e-01
7.22722722722722755e-01,7.22722722722722977e-01
7.23723723723723733e-01,7.23723723723723955e-01
7.24724724724724711e-01,7.24724724724724934e-01
7.25725725725725690e-01,7.25725725725725912e-01
7.26726726726726668e-01,7.26726726726726779e-01
7.27727727727727758e-01,7.27727727727727869e-01
7.28728728728728736e-01,7.28728728728728847e-01
7.29729729729729715e-01,7.29729729729729826e-01
7.30730730730730693e-01,7.30730730730730804e-01
7.31731731731731672e-01,7.31731731731731783e-01
7.32732732732732761e-01,7.32732732732732872e-01
7.33733733733733740e-01,7.33733733733733851e-01
7.34734734734734718e-01,7.34734734734734829e-01
7.35735735735735696e-01,7.35735735735735807e-01
7.36736736736736786e-01,7.36736736736736897e-01
7.37737737737737764e-01,7.37737737737737875e-01
7.38738738738738743e-01,7.38738738738738854e-01
7.39739739739739721e-01,7.39739739739739832e-01
7.40740740740740700e-01,7.40740740740740811e-01
7.41741741741741789e-01,7.41741741741741900e-01
7.42742742742742768e-01,7.42742742742742879e-01
7.43743743743743746e-01,7.43743743743743857e-01
7.44744744744744724e-01,7.44744744744744835e-01
7.45745745745745703e-01,7.45745745745745814e-01
7.46746746746746792e-01,7.46746746746746903e-01
7.47747747747747771e-01,7.47747747747747882e-01
7.48748748748748749e-01,7.48748748748748749e-01
7.49749749749749728e-01,7.49749749749749728e-01
7.50750750750750706e-01,7.50750750750750706e-01
7.51751751751751796e-01,7.51751751751751796e-01
7.52752752752752774e-01,7.52752752752752774e-01
7.53753753753753752e-01,7.53753753753753752e-01
7.54754754754754731e-01,7.54754754754754731e-01
7.55755755755755709e-01,7.55755755755755709e-01
7.56756756756756799e-01,7.56756756756756799e-01
7.57757757757757777e-01,7.57757757757757777e-01
7.58758758758758756e-01,7.58758758758758756e-01
7.59759759759759734e-01,7.59759759759759734e-01
7.60760760760760713e-01,7.60760760760760713e-01
7.61761761761761802e-01,7.61761761761761802e-01
7.62762762762762780e-01,7.62762762762762780e-01
7.63763763763763759e-01,7.63763763763763759e-01
7.64764764764764737e-01,7.64764764764764737e-01
7.65765765765765716e-01,7.65765765765765716e-01
7.66766766766766805e-01,7.66766766766766805e-01
7.67767767767767784e-01,7.67767767767767784e-01
7.68768768768768762e-01,7.68768768768768762e-01
7.69769769769769741e-01,7.69769769769769741e-01
7.70770770770770719e-01,7.70770770770770719e-01
7.71771771771771808e-01,7.71771771771771808e-01
7.72772772772772787e-01,7.72772772772772787e-01
7.73773773773773765e-01,7.73773773773773765e-01
7.74774774774774744e-01,7.74774774774774744e-01
7.75775775775775722e-01,7.75775775775775722e-01
7.76776776776776812e-01,7.76776776776776812e-01
7.77777777777777790e-01,7.77777777777777790e-01
7.78778778778778769e-01,7.78778778778778769e-01
7.79779779779779747e-01,7.79779779779779747e-01
7.80780780780780725e-01,7.80780780780780725e-01
7.81781781781781815e-01,7.81781781781781815e-01
7.82782782782782793e-01,7.82782782782782793e-01
7.83783783783783772e-01,7.83783783783783772e-01
7.84784784784784750e-01,7.84784784784784750e-01
7.85785785785785729e-01,7.85785785785785729e-01
7.86786786786786818e-01,7.86786786786786818e-01
7.87787787787787797e-01,7.87787787787787797e-01
7.88788788788788775e-01,7.88788788788788775e-01
7.89789789789789753e-01,7.89789789789789753e-01
7.90790790790790732e-01,7.90790790790790732e-01
7.91791791791791821e-01,7.91791791791791821e-01
7.92792792792792800e-01,7.92792792792792800e-01
7.93793793793793778e-01,7.93793793793793778e-01
7.94794794794794757e-01,7.94794794794794757e-01
7.95795795795795735e-01,7.95795795795795735e-01
7.96796796796796825e-01,7.96796796796796825e-01
7.97797797797797803e-01,7.97797797797797803e-01
7.98798798798798781e-01,7.98798798798798781e-01
7.99799799799799760e-01,7.99799799799799760e-01
8.00800800800800738e-01,8.00800800800800738e-01
8.01801801801801828e-01,8.01801801801801828e-01
8.02802802802802806e-01,8.02802802802802806e-01
8.03803803803803785e-01,8.03803803803803785e-01
8.04804804804804763e-01,8.04804804804804763e-01
8.05805805805805853e-01,8.05805805805805853e-01
8.06806806806806831e-01,8.06806806806806831e-01
8.07807807807807809e-01,8.07807807807807809e-01
8.08808808808808788e-01,8.08808808808808788e-01
8.09809809809809766e-01,8.09809809809809766e-01
8.10810810810810856e-01,8.10810810810810856e-01
8.11811811811811834e-01,8.11811811811811834e-01
8.12812812812812813e-01,8.12812812812812813e-01
8.13813813813813791e-01,8.13813813813813791e-01
8.14814814814814770e-01,8.14814814814814770e-01
8.15815815815815859e-01,8.15815815815815859e-01
8.16816816816816837e-01,8.16816816816816837e-01
8.17817817817817816e-01,8.17817817817817816e-01
8.18818818818818794e-01,8.18818818818818794e-01
8.19819819819819773e-01,8.19819819819819773e-01
8.20820820820820862e-01,8.20820820820820862e-01
8.21821821821821841e-01,8.21821821821821841e-01
8.22822822822822819e-01,8.22822822822822819e-01
8.23823823823823798e-01,8.23823823823823798e-01
8.24824824824824776e-01,8.24824824824824776e-01
8.25825825825825866e-01,8.25825825825825866e-01
8.26826826826826844e-01,8.26826826826826844e-01
8.27827827827827822e-01,8.27827827827827822e-01
8.28828828828828801e-01,8.28828828828828801e-01
8.29829829829829779e-01,8.29829829829829779e-01
8.30830830830830869e-01,8.30830830830830869e-01
8.31831831831831847e-01,8.31831831831831847e-01
8.32832832832832826e-01,8.32832832832832826e-01
8.33833833833833804e-01,8.33833833833833804e-01
8.34834834834834782e-01,8.34834834834834782e-01
8.35835835835835872e-01,8.35835835835835872e-01
8.36836836836836850e-01,8.36836836836836850e-01
8.37837837837837829e-01,8.37837837837837829e-01
8.38838838838838807e-01,8.38838838838838807e-01
8.39839839839839786e-01,8.39839839839839786e-01
8.40840840840840875e-01,8.40840840840840875e-01
8.41841841841841854e-01,8.41841841841841854e-01
8.42842842842842832e-01,8.42842842842842832e-01
8.43843843843843811e-01,8.43843843843843811e-01
8.44844844844844789e-01,8.44844844844844789e-01
8.45845845845845878e-01,8.45845845845845878e-01
8.46846846846846857e-01,8.46846846846846857e-01
8.47847847847847835e-01,8.47847847847847835e-01
8.48848848848848814e-01,8.48848848848848814e-01
8.49849849849849792e-01,8.49849849849849792e-01
8.50850850850850882e-01,8.50850850850850882e-01
8.51851851851851860e-01,8.51851851851851860e-01
8.52852852852852839e-01,8.52852852852852839e-01
8.53853853853853817e-01,8.53853853853853817e-01
8.54854854854854795e-01,8.54854854854854795e-01
8.55855855855855885e-01,8.55855855855855885e-01
8.56856856856856863e-01,8.56856856856856863e-01
8.57857857857857842e-01,8.57857857857857842e-01
8.58858858858858820e-01,8.58858858858858820e-01
8.59859859859859799e-01,8.59859859859859799e-01
8.60860860860860888e-01,8.60860860860860888e-01
8.61861861861861867e-01,8.61861861861861867e-01
8.62862862862862845e-01,8.62862862862862845e-01
8.63863863863863823e-01,8.63863863863863823e-01
8.64864864864864913e-01,8.64864864864864913e-01
8.65865865865865891e-01,8.65865865865865891e-01
8.66866866866866870e-01,8.66866866866866870e-01
8.67867867867867848e-01,8.67867867867867848e-01
8.68868868868868827e-01,8.68868868868868827e-01
8.69869869869869916e-01,8.69869869869869916e-01
8.70870870870870895e-01,8.70870870870870895e-01
8.71871871871871873e-01,8.71871871871871873e-01
8.72872872872872851e-01,8.72872872872872851e-01
8.73873873873873830e-01,8.73873873873873830e-01
8.74874874874874919e-01,8.74874874874874919e-01
8.75875875875875898e-01,8.75875875875875898e-01
8.76876876876876876e-01,8.76876876876876876e-01
8.77877877877877855e-01,8.77877877877877855e-01
8.78878878878878833e-01,8.78878878878878833e-01
8.79879879879879923e-01,8.79879879879879923e-01
8.80880880880880901e-01,8.80880880880880901e-01
8.81881881881881879e-01,8.81881881881881879e-01
8.82882882882882858e-01,8.82882882882882858e-01
8.83883883883883836e-01,8.83883883883883836e-01
8.84884884884884926e-01,8.84884884884884926e-01
8.85885885885885904e-01,8.85885885885885904e-01
8.86886886886886883e-01,8.86886886886886883e-01
8.87887887887887861e-01,8.87887887887887861e-01
8.88888888888888840e-01,8.88888888888888840e-01
8.89889889889889929e-01,8.89889889889889929e-01
8.90890890890890907e-01,8.90890890890890907e-01
8.91891891891891886e-01,8.91891891891891886e-01
8.92892892892892864e-01,8.92892892892892864e-01
8.93893893893893843e-01,8.93893893893893843e-01
8.94894894894894932e-01,8.94894894894894932e-01
8.95895895895895911e-01,8.95895895895895911e-01
8.96896896896896889e-01,8.96896896896896889e-01
8.97897897897897868e-01,8.97897897897897868e-01
8.98898898898898846e-01,8.98898898898898846e-01
8.99899899899899935e-01,8.99899899899899935e-01
9.00900900900900914e-01,9.00900900900900914e-01
9.01901901901901892e-01,9.01901901901901892e-01
9.02902902902902871e-01,9.02902902902902871e-01
9.03903903903903849e-01,9.03903903903903849e-01
9.04904904904904939e-01,9.04904904904904939e-01
9.05905905905905917e-01,9.05905905905905917e-01
9.06906906906906896e-01,9.06906906906906896e-01
9.07907907907907874e-01,9.07907907907907874e-01
9.08908908908908852e-01,9.08908908908908852e-01
9.09909909909909942e-01,9.09909909909909942e-01
9.10910910910910920e-01,9.10910910910910920e-01
9.11911911911911899e-01,9.11911911911911899e-01
9.12912912912912877e-01,9.12912912912912877e-01
9.13913913913913856e-01,9.13913913913913856e-01
9.14914914914914945e-01,9.14914914914914945e-01
9.15915915915915924e-01,9.15915915915915924e-01
9.16916916916916902e-01,9.16916916916916902e-01
9.17917917917917880e-01,9.17917917917917880e-01
9.18918918918918859e-01,9.18918918918918859e-01
9.19919919919919948e-01,9.19919919919919948e-01
9.20920920920920927e-01,9.20920920920920927e-01
9.21921921921921905e-01,9.21921921921921905e-01
9.22922922922922884e-01,9.22922922922922884e-01
9.23923923923923862e-01,9.23923923923923862e-01
9.24924924924924952e-01,9.24924924924924952e-01
9.25925925925925930e-01,9.25925925925925930e-01
9.26926926926926908e-01,9.26926926926926908e-01
9.27927927927927887e-01,9.27927927927927887e-01
9.28928928928928865e-01,9.28928928928928865e-01
9.29929929929929955e-01,9.29929929929929955e-01
9.30930930930930933e-01,9.30930930930930933e-01
9.31931931931931912e-01,9.31931931931931912e-01
9.32932932932932890e-01,9.32932932932932890e-01
9.33933933933933980e-01,9.33933933933933980e-01
9.34934934934934958e-01,9.34934934934934958e-01
9.35935935935935936e-01,9.35935935935935936e-01
9.36936936936936915e-01,9.36936936936936915e-01
9.37937937937937893e-01,9.37937937937937893e-01
9.38938938938938983e-01,9.38938938938938983e-01
9.39939939939939961e-01,9.39939939939939961e-01
9.40940940940940940e-01,9.40940940940940940e-01
9.41941941941941918e-01,9.41941941941941918e-01
9.42942942942942897e-01,9.42942942942942897e-01
9.43943943943943986e-01,9.43943943943943986e-01
9.44944944944944965e-01,9.44944944944944965e-01
9.45945945945945943e-01,9.45945945945945943e-01
9.46946946946946921e-01,9.46946946946946921e-01
9.47947947947947900e-01,9.47947947947947900e-01
9.48948948948948989e-01,9.48948948948948989e-01
9.49949949949949968e-01,9.49949949949949968e-01
9.50950950950950946e-01,9.50950950950950946e-01
9.51951951951951925e-01,9.51951951951951925e-01
9.52952952952952903e-01,9.52952952952952903e-01
9.53953953953953993e-01,9.53953953953953993e-01
9.54954954954954971e-01,9.54954954954954971e-01
9.55955955955955949e-01,9.55955955955955949e-01
9.56956956956956928e-01,9.56956956956956928e-01
9.57957957957957906e-01,9.57957957957957906e-01
9.58958958958958996e-01,9.58958958958958996e-01
9.59959959959959974e-01,9.59959959959959974e-01
9.60960960960960953e-01,9.60960960960960953e-01
9.61961961961961931e-01,9.61961961961961931e-01
9.62962962962962910e-01,9.62962962962962910e-01
9.63963963963963999e-01,9.63963963963963999e-01
9.64964964964964977e-01,9.64964964964964977e-01
9.65965965965965956e-01,9.65965965965965956e-01
9.66966966966966934e-01,9.66966966966966934e-01
9.67967967967967913e-01,9.67967967967967913e-01
9.68968968968969002e-01,9.68968968968969002e-01
9.69969969969969981e-01,9.69969969969969981e-01
9.70970970970970959e-01,9.70970970970970959e-01
9.71971971971971938e-01,9.71971971971971938e-01
9.72972972972972916e-01,9.72972972972972916e-01
9.73973973973974005e-01,9.73973973973974005e-01
9.74974974974974984e-01,9.74974974974974984e-01
9.75975975975975962e-01,9.75975975975975962e-01
9.76976976976976941e-01,9.76976976976976941e-01
9.77977977977977919e-01,9.77977977977977919e-01
9.78978978978979009e-01,9.78978978978979009e-01
9.79979979979979987e-01,9.79979979979979987e-01
9.80980980980980966e-01,9.80980980980980966e-01
9.81981981981981944e-01,9.81981981981981944e-01
9.82982982982982922e-01,9.82982982982982922e-01
9.83983983983984012e-01,9.83983983983984012e-01
9.84984984984984990e-01,9.84984984984984990e-01
9.85985985985985969e-01,9.85985985985985969e-01
9.86986986986986947e-01,9.86986986986986947e-01
9.87987987987987926e-01,9.87987987987987926e-01
9.88988988988989015e-01,9.88988988988989015e-01
9.89989989989989994e-01,9.89989989989989994e-01
9.90990990990990972e-01,9.90990990990990972e-01
9.91991991991991950e-01,9.91991991991991950e-01
9.92992992992993040e-01,9.92992992992993040e-01
9.93993993993994018e-01,9.93993993993994018e-01
9.94994994994994997e-01,9.94994994994994997e-01
9.95995995995995975e-01,9.95995995995995975e-01
9.96996996996996954e-01,9.96996996996996954e-01
9.97997997997998043e-01,9.97997997997998043e-01
9.98998998998999022e-01,9.98998998998999022e-01
1.00000000000000000e+00,1.00000000000000000e+00
