time_ps,mem_init,accepted,x_hex,y_hex,h_hex
2665000,1,1,40066666,3fa4e19e,3d4ccccd
2675000,1,1,40066666,3fa4e19e,3d4ccccd
2685000,1,1,40066666,3fa4e19e,3d4ccccd
2695000,1,1,40066666,3fa4e19e,3d4ccccd
2705000,1,1,40066666,3fa4e19e,3d4ccccd
2715000,1,1,40066666,3fa4e19e,3d4ccccd
2725000,1,1,40066666,3fa4e19e,3d4ccccd
2735000,1,1,40066666,3fa4e19e,3d4ccccd
2745000,1,1,40066666,3fa4e19e,3d4ccccd
2755000,1,1,40066666,3fa4e19e,3d4ccccd
2765000,1,1,40066666,3fa4e19e,3d4ccccd
2775000,1,1,40066666,3fa4e19e,3d4ccccd
2785000,1,1,40066666,3fa4e19e,3d4ccccd
2795000,1,1,40066666,3fa4e19e,3d4ccccd
2805000,1,1,40066666,3fa4e19e,3d4ccccd
2815000,1,1,40066666,3fa4e19e,3d4ccccd
2825000,1,1,40066666,3fa4e19e,3d4ccccd
2835000,1,1,40066666,3fa4e19e,3d4ccccd
2845000,1,1,40066666,3fa4e19e,3d4ccccd
2855000,1,1,40066666,3fa4e19e,3d4ccccd
2865000,1,1,40066666,3fa4e19e,3d4ccccd
2875000,1,1,40066666,3fa4e19e,3d4ccccd
2885000,1,1,40066666,3fa4e19e,3d4ccccd
2895000,1,1,40066666,3fa4e19e,3d4ccccd
2905000,1,1,40066666,3fa4e19e,3d4ccccd
2915000,1,1,40066666,3fa4e19e,3d4ccccd
2925000,1,1,40066666,3fa4e19e,3d4ccccd
2935000,1,1,40066666,3fa4e19e,3d4ccccd
2945000,1,1,40066666,3fa4e19e,3d4ccccd
2955000,1,1,40066666,3fa4e19e,3d4ccccd
2965000,1,1,40066666,3fa4e19e,3d4ccccd
2975000,1,1,40066666,3fa4e19e,3d4ccccd
2985000,1,1,40066666,3fa4e19e,3d4ccccd
2995000,1,1,40066666,3fa4e19e,3d4ccccd
3005000,1,1,40066666,3fa4e19e,3d4ccccd
3015000,1,1,40066666,3fa4e19e,3d4ccccd
3025000,1,1,40066666,3fa4e19e,3d4ccccd
3035000,1,1,40066666,3fa4e19e,3d4ccccd
3045000,1,1,40066666,3fa4e19e,3d4ccccd
3055000,1,1,40066666,3fa4e19e,3d4ccccd
3065000,1,1,40066666,3fa4e19e,3d4ccccd
3075000,1,1,40066666,3fa4e19e,3d4ccccd
3085000,1,1,40066666,3fa4e19e,3d4ccccd
3095000,1,1,40066666,3fa4e19e,3d4ccccd
3105000,1,1,40066666,3fa4e19e,3d4ccccd
3115000,1,1,40066666,3fa4e19e,3d4ccccd
3125000,1,1,40066666,3fa4e19e,3d4ccccd
3135000,1,1,40066666,3fa4e19e,3d4ccccd
3145000,1,1,40066666,3fa4e19e,3d4ccccd
3155000,1,1,40066666,3fa4e19e,3d4ccccd
3165000,1,1,40066666,3fa4e19e,3d4ccccd
3175000,1,1,40066666,3fa4e19e,3d4ccccd
3185000,1,1,40066666,3fa4e19e,3d4ccccd
3195000,1,1,40066666,3fa4e19e,3d4ccccd
3205000,1,1,40066666,3fa4e19e,3d4ccccd
3215000,1,1,40066666,3fa4e19e,3d4ccccd
3225000,1,1,40066666,3fa4e19e,3d4ccccd
3235000,1,1,40066666,3fa4e19e,3d4ccccd
3245000,1,1,40066666,3fa4e19e,3d4ccccd
3255000,1,1,40066666,3fa4e19e,3d4ccccd
3265000,1,1,40066666,3fa4e19e,3d4ccccd
3275000,1,1,40066666,3fa4e19e,3d4ccccd
3285000,1,1,40066666,3fa4e19e,3d4ccccd
3295000,1,1,40066666,3fa4e19e,3d4ccccd
3305000,1,1,40066666,3fa4e19e,3d4ccccd
3315000,1,1,40066666,3fa4e19e,3d4ccccd
3325000,1,1,40066666,3fa4e19e,3d4ccccd
3335000,1,1,40066666,3fa4e19e,3d4ccccd
3345000,1,1,40066666,3fa4e19e,3d4ccccd
3355000,1,1,40066666,3fa4e19e,3d4ccccd
3365000,1,1,40066666,3fa4e19e,3d4ccccd
3375000,1,1,40066666,3fa4e19e,3d4ccccd
3385000,1,1,40066666,3fa4e19e,3d4ccccd
3395000,1,1,40066666,3fa4e19e,3d4ccccd
3405000,1,1,40066666,3fa4e19e,3d4ccccd
3415000,1,1,40066666,3fa4e19e,3d4ccccd
3425000,1,1,40066666,3fa4e19e,3d4ccccd
3435000,1,1,40066666,3fa4e19e,3d4ccccd
3445000,1,1,40066666,3fa4e19e,3d4ccccd
3455000,1,1,40066666,3fa4e19e,3d4ccccd
3465000,1,1,40066666,3fa4e19e,3d4ccccd
3475000,1,1,40066666,3fa4e19e,3d4ccccd
3485000,1,1,40066666,3fa4e19e,3d4ccccd
3495000,1,1,40066666,3fa4e19e,3d4ccccd
3505000,1,1,40066666,3fa4e19e,3d4ccccd
3515000,1,1,40066666,3fa4e19e,3d4ccccd
3525000,1,1,40066666,3fa4e19e,3d4ccccd
3535000,1,1,40066666,3fa4e19e,3d4ccccd
3545000,1,1,40066666,3fa4e19e,3d4ccccd
3555000,1,1,40066666,3fa4e19e,3d4ccccd
3565000,1,1,40066666,3fa4e19e,3d4ccccd
3575000,1,1,40066666,3fa4e19e,3d4ccccd
3585000,1,1,40066666,3fa4e19e,3d4ccccd
3595000,1,1,40066666,3fa4e19e,3d4ccccd
3605000,1,1,40066666,3fa4e19e,3d4ccccd
3615000,1,1,40066666,3fa4e19e,3d4ccccd
3625000,1,1,40066666,3fa4e19e,3d4ccccd
3635000,1,1,40066666,3fa4e19e,3d4ccccd
3645000,1,1,40066666,3fa4e19e,3d4ccccd
3655000,1,1,40066666,3fa4e19e,3d4ccccd
3665000,1,1,40066666,3fa4e19e,3d4ccccd
3675000,1,1,40066666,3fa4e19e,3d4ccccd
3685000,1,1,40066666,3fa4e19e,3d4ccccd
3695000,1,1,40066666,3fa4e19e,3d4ccccd
3705000,1,1,40066666,3fa4e19e,3d4ccccd
3715000,1,1,40066666,3fa4e19e,3d4ccccd
3725000,1,1,40066666,3fa4e19e,3d4ccccd
3735000,1,1,40066666,3fa4e19e,3d4ccccd
3745000,1,1,40066666,3fa4e19e,3d4ccccd
3755000,1,1,40066666,3fa4e19e,3d4ccccd
3765000,1,1,40066666,3fa4e19e,3d4ccccd
3775000,1,1,40066666,3fa4e19e,3d4ccccd
3785000,1,1,40066666,3fa4e19e,3d4ccccd
3795000,1,1,40066666,3fa4e19e,3d4ccccd
3805000,1,1,40066666,3fa4e19e,3d4ccccd
3815000,1,1,40066666,3fa4e19e,3d4ccccd
3825000,1,1,40066666,3fa4e19e,3d4ccccd
3835000,1,1,40066666,3fa4e19e,3d4ccccd
3845000,1,1,40066666,3fa4e19e,3d4ccccd
3855000,1,1,40066666,3fa4e19e,3d4ccccd
3865000,1,1,40066666,3fa4e19e,3d4ccccd
3875000,1,1,40066666,3fa4e19e,3d4ccccd
3885000,1,1,40066666,3fa4e19e,3d4ccccd
3895000,1,1,40066666,3fa4e19e,3d4ccccd
3905000,1,1,40066666,3fa4e19e,3d4ccccd
3915000,1,1,40066666,3fa4e19e,3d4ccccd
3925000,1,1,40066666,3fa4e19e,3d4ccccd
3935000,1,1,40066666,3fa4e19e,3d4ccccd
3945000,1,1,40066666,3fa4e19e,3d4ccccd
3955000,1,1,40066666,3fa4e19e,3d4ccccd
3965000,1,1,40066666,3fa4e19e,3d4ccccd
3975000,1,1,40066666,3fa4e19e,3d4ccccd
3985000,1,1,40066666,3fa4e19e,3d4ccccd
3995000,1,1,40066666,3fa4e19e,3d4ccccd
4005000,1,1,40066666,3fa4e19e,3d4ccccd
4015000,1,1,40066666,3fa4e19e,3d4ccccd
4025000,1,1,40066666,3fa4e19e,3d4ccccd
4035000,1,1,40066666,3fa4e19e,3d4ccccd
4045000,1,1,40066666,3fa4e19e,3d4ccccd
4055000,1,1,40066666,3fa4e19e,3d4ccccd
4065000,1,1,40066666,3fa4e19e,3d4ccccd
4075000,1,1,40066666,3fa4e19e,3d4ccccd
4085000,1,1,40066666,3fa4e19e,3d4ccccd
4095000,1,1,40066666,3fa4e19e,3d4ccccd
4105000,1,1,40066666,3fa4e19e,3d4ccccd
4115000,1,1,40066666,3fa4e19e,3d4ccccd
4125000,1,1,40066666,3fa4e19e,3d4ccccd
4135000,1,1,40066666,3fa4e19e,3d4ccccd
4145000,1,1,40066666,3fa4e19e,3d4ccccd
4155000,1,1,40066666,3fa4e19e,3d4ccccd
4165000,1,1,40066666,3fa4e19e,3d4ccccd
4175000,1,1,40066666,3fa4e19e,3d4ccccd
4185000,1,1,40066666,3fa4e19e,3d4ccccd
4195000,1,1,40066666,3fa4e19e,3d4ccccd
4205000,1,1,40066666,3fa4e19e,3d4ccccd
4215000,1,1,40066666,3fa4e19e,3d4ccccd
4225000,1,1,40066666,3fa4e19e,3d4ccccd
4235000,1,1,40066666,3fa4e19e,3d4ccccd
4245000,1,1,40066666,3fa4e19e,3d4ccccd
4255000,1,1,40066666,3fa4e19e,3d4ccccd
4265000,1,1,40066666,3fa4e19e,3d4ccccd
4275000,1,1,40066666,3fa4e19e,3d4ccccd
4285000,1,1,40066666,3fa4e19e,3d4ccccd
4295000,1,1,40066666,3fa4e19e,3d4ccccd
4305000,1,1,40066666,3fa4e19e,3d4ccccd
4315000,1,1,40066666,3fa4e19e,3d4ccccd
4325000,1,1,40066666,3fa4e19e,3d4ccccd
4335000,1,1,40066666,3fa4e19e,3d4ccccd
4345000,1,1,40066666,3fa4e19e,3d4ccccd
4355000,1,1,40066666,3fa4e19e,3d4ccccd
4365000,1,1,40066666,3fa4e19e,3d4ccccd
4375000,1,1,40066666,3fa4e19e,3d4ccccd
4385000,1,1,40066666,3fa4e19e,3d4ccccd
4395000,1,1,40066666,3fa4e19e,3d4ccccd
4405000,1,1,40066666,3fa4e19e,3d4ccccd
4415000,1,1,40066666,3fa4e19e,3d4ccccd
4425000,1,1,40066666,3fa4e19e,3d4ccccd
4435000,1,1,40066666,3fa4e19e,3d4ccccd
4445000,1,1,40066666,3fa4e19e,3d4ccccd
4455000,1,1,40066666,3fa4e19e,3d4ccccd
4465000,1,1,40066666,3fa4e19e,3d4ccccd
4475000,1,1,40066666,3fa4e19e,3d4ccccd
4485000,1,1,40066666,3fa4e19e,3d4ccccd
4495000,1,1,40066666,3fa4e19e,3d4ccccd
4505000,1,1,40066666,3fa4e19e,3d4ccccd
4515000,1,1,40066666,3fa4e19e,3d4ccccd
4525000,1,1,40066666,3fa4e19e,3d4ccccd
4535000,1,1,40066666,3fa4e19e,3d4ccccd
4545000,1,1,40066666,3fa4e19e,3d4ccccd
4555000,1,1,40066666,3fa4e19e,3d4ccccd
4565000,1,1,40066666,3fa4e19e,3d4ccccd
4575000,1,1,40066666,3fa4e19e,3d4ccccd
4585000,1,1,40066666,3fa4e19e,3d4ccccd
4595000,1,1,40066666,3fa4e19e,3d4ccccd
4605000,1,1,40066666,3fa4e19e,3d4ccccd
4615000,1,1,40066666,3fa4e19e,3d4ccccd
4625000,1,1,40066666,3fa4e19e,3d4ccccd
4635000,1,1,40066666,3fa4e19e,3d4ccccd
4645000,1,1,40066666,3fa4e19e,3d4ccccd
4655000,1,1,40066666,3fa4e19e,3d4ccccd
4665000,1,1,40066666,3fa4e19e,3d4ccccd
4675000,1,1,40066666,3fa4e19e,3d4ccccd
4685000,1,1,40066666,3fa4e19e,3d4ccccd
4695000,1,1,40066666,3fa4e19e,3d4ccccd
4705000,1,1,40066666,3fa4e19e,3d4ccccd
4715000,1,1,40066666,3fa4e19e,3d4ccccd
4725000,1,1,40066666,3fa4e19e,3d4ccccd
4735000,1,1,40066666,3fa4e19e,3d4ccccd
4745000,1,1,40066666,3fa4e19e,3d4ccccd
4755000,1,1,40066666,3fa4e19e,3d4ccccd
4765000,1,1,40066666,3fa4e19e,3d4ccccd
4775000,1,1,40066666,3fa4e19e,3d4ccccd
4785000,1,1,40066666,3fa4e19e,3d4ccccd
4795000,1,1,40066666,3fa4e19e,3d4ccccd
4805000,1,1,40066666,3fa4e19e,3d4ccccd
4815000,1,1,40066666,3fa4e19e,3d4ccccd
4825000,1,1,40066666,3fa4e19e,3d4ccccd
4835000,1,1,40066666,3fa4e19e,3d4ccccd
4845000,1,1,40066666,3fa4e19e,3d4ccccd
4855000,1,1,40066666,3fa4e19e,3d4ccccd
4865000,1,1,40066666,3fa4e19e,3d4ccccd
4875000,1,1,40066666,3fa4e19e,3d4ccccd
4885000,1,1,40066666,3fa4e19e,3d4ccccd
4895000,1,1,40066666,3fa4e19e,3d4ccccd
4905000,1,1,40066666,3fa4e19e,3d4ccccd
4915000,1,1,40066666,3fa4e19e,3d4ccccd
4925000,1,1,40066666,3fa4e19e,3d4ccccd
4935000,1,1,40066666,3fa4e19e,3d4ccccd
4945000,1,1,40066666,3fa4e19e,3d4ccccd
4955000,1,1,40066666,3fa4e19e,3d4ccccd
4965000,1,1,40066666,3fa4e19e,3d4ccccd
4975000,1,1,40066666,3fa4e19e,3d4ccccd
4985000,1,1,40066666,3fa4e19e,3d4ccccd
4995000,1,1,40066666,3fa4e19e,3d4ccccd
5005000,1,1,40066666,3fa4e19e,3d4ccccd
5015000,1,1,40066666,3fa4e19e,3d4ccccd
5025000,1,1,40066666,3fa4e19e,3d4ccccd
5035000,1,1,40066666,3fa4e19e,3d4ccccd
5045000,1,1,40066666,3fa4e19e,3d4ccccd
5055000,1,1,40066666,3fa4e19e,3d4ccccd
5065000,1,1,40066666,3fa4e19e,3d4ccccd
5075000,1,1,40066666,3fa4e19e,3d4ccccd
5085000,1,1,40066666,3fa4e19e,3d4ccccd
5095000,1,1,40066666,3fa4e19e,3d4ccccd
5105000,1,1,40066666,3fa4e19e,3d4ccccd
5115000,1,1,40066666,3fa4e19e,3d4ccccd
5125000,1,1,40066666,3fa4e19e,3d4ccccd
5135000,1,1,40066666,3fa4e19e,3d4ccccd
5145000,1,1,40066666,3fa4e19e,3d4ccccd
5155000,1,1,40066666,3fa4e19e,3d4ccccd
7665000,1,1,400ccccc,3fc62378,3d4ccccd
7675000,1,1,400ccccc,3fc62378,3d4ccccd
7685000,1,1,400ccccc,3fc62378,3d4ccccd
7695000,1,1,400ccccc,3fc62378,3d4ccccd
7705000,1,1,400ccccc,3fc62378,3d4ccccd
7715000,1,1,400ccccc,3fc62378,3d4ccccd
7725000,1,1,400ccccc,3fc62378,3d4ccccd
7735000,1,1,400ccccc,3fc62378,3d4ccccd
7745000,1,1,400ccccc,3fc62378,3d4ccccd
7755000,1,1,400ccccc,3fc62378,3d4ccccd
7765000,1,1,400ccccc,3fc62378,3d4ccccd
7775000,1,1,400ccccc,3fc62378,3d4ccccd
7785000,1,1,400ccccc,3fc62378,3d4ccccd
7795000,1,1,400ccccc,3fc62378,3d4ccccd
7805000,1,1,400ccccc,3fc62378,3d4ccccd
7815000,1,1,400ccccc,3fc62378,3d4ccccd
7825000,1,1,400ccccc,3fc62378,3d4ccccd
7835000,1,1,400ccccc,3fc62378,3d4ccccd
7845000,1,1,400ccccc,3fc62378,3d4ccccd
7855000,1,1,400ccccc,3fc62378,3d4ccccd
7865000,1,1,400ccccc,3fc62378,3d4ccccd
7875000,1,1,400ccccc,3fc62378,3d4ccccd
7885000,1,1,400ccccc,3fc62378,3d4ccccd
7895000,1,1,400ccccc,3fc62378,3d4ccccd
7905000,1,1,400ccccc,3fc62378,3d4ccccd
7915000,1,1,400ccccc,3fc62378,3d4ccccd
7925000,1,1,400ccccc,3fc62378,3d4ccccd
7935000,1,1,400ccccc,3fc62378,3d4ccccd
7945000,1,1,400ccccc,3fc62378,3d4ccccd
7955000,1,1,400ccccc,3fc62378,3d4ccccd
7965000,1,1,400ccccc,3fc62378,3d4ccccd
7975000,1,1,400ccccc,3fc62378,3d4ccccd
7985000,1,1,400ccccc,3fc62378,3d4ccccd
7995000,1,1,400ccccc,3fc62378,3d4ccccd
8005000,1,1,400ccccc,3fc62378,3d4ccccd
8015000,1,1,400ccccc,3fc62378,3d4ccccd
8025000,1,1,400ccccc,3fc62378,3d4ccccd
8035000,1,1,400ccccc,3fc62378,3d4ccccd
8045000,1,1,400ccccc,3fc62378,3d4ccccd
8055000,1,1,400ccccc,3fc62378,3d4ccccd
8065000,1,1,400ccccc,3fc62378,3d4ccccd
8075000,1,1,400ccccc,3fc62378,3d4ccccd
8085000,1,1,400ccccc,3fc62378,3d4ccccd
8095000,1,1,400ccccc,3fc62378,3d4ccccd
8105000,1,1,400ccccc,3fc62378,3d4ccccd
8115000,1,1,400ccccc,3fc62378,3d4ccccd
8125000,1,1,400ccccc,3fc62378,3d4ccccd
8135000,1,1,400ccccc,3fc62378,3d4ccccd
8145000,1,1,400ccccc,3fc62378,3d4ccccd
8155000,1,1,400ccccc,3fc62378,3d4ccccd
8165000,1,1,400ccccc,3fc62378,3d4ccccd
8175000,1,1,400ccccc,3fc62378,3d4ccccd
8185000,1,1,400ccccc,3fc62378,3d4ccccd
8195000,1,1,400ccccc,3fc62378,3d4ccccd
8205000,1,1,400ccccc,3fc62378,3d4ccccd
8215000,1,1,400ccccc,3fc62378,3d4ccccd
8225000,1,1,400ccccc,3fc62378,3d4ccccd
8235000,1,1,400ccccc,3fc62378,3d4ccccd
8245000,1,1,400ccccc,3fc62378,3d4ccccd
8255000,1,1,400ccccc,3fc62378,3d4ccccd
8265000,1,1,400ccccc,3fc62378,3d4ccccd
8275000,1,1,400ccccc,3fc62378,3d4ccccd
8285000,1,1,400ccccc,3fc62378,3d4ccccd
8295000,1,1,400ccccc,3fc62378,3d4ccccd
8305000,1,1,400ccccc,3fc62378,3d4ccccd
8315000,1,1,400ccccc,3fc62378,3d4ccccd
8325000,1,1,400ccccc,3fc62378,3d4ccccd
8335000,1,1,400ccccc,3fc62378,3d4ccccd
8345000,1,1,400ccccc,3fc62378,3d4ccccd
8355000,1,1,400ccccc,3fc62378,3d4ccccd
8365000,1,1,400ccccc,3fc62378,3d4ccccd
8375000,1,1,400ccccc,3fc62378,3d4ccccd
8385000,1,1,400ccccc,3fc62378,3d4ccccd
8395000,1,1,400ccccc,3fc62378,3d4ccccd
8405000,1,1,400ccccc,3fc62378,3d4ccccd
8415000,1,1,400ccccc,3fc62378,3d4ccccd
8425000,1,1,400ccccc,3fc62378,3d4ccccd
8435000,1,1,400ccccc,3fc62378,3d4ccccd
8445000,1,1,400ccccc,3fc62378,3d4ccccd
8455000,1,1,400ccccc,3fc62378,3d4ccccd
8465000,1,1,400ccccc,3fc62378,3d4ccccd
8475000,1,1,400ccccc,3fc62378,3d4ccccd
8485000,1,1,400ccccc,3fc62378,3d4ccccd
8495000,1,1,400ccccc,3fc62378,3d4ccccd
8505000,1,1,400ccccc,3fc62378,3d4ccccd
8515000,1,1,400ccccc,3fc62378,3d4ccccd
8525000,1,1,400ccccc,3fc62378,3d4ccccd
8535000,1,1,400ccccc,3fc62378,3d4ccccd
8545000,1,1,400ccccc,3fc62378,3d4ccccd
8555000,1,1,400ccccc,3fc62378,3d4ccccd
8565000,1,1,400ccccc,3fc62378,3d4ccccd
8575000,1,1,400ccccc,3fc62378,3d4ccccd
8585000,1,1,400ccccc,3fc62378,3d4ccccd
8595000,1,1,400ccccc,3fc62378,3d4ccccd
8605000,1,1,400ccccc,3fc62378,3d4ccccd
8615000,1,1,400ccccc,3fc62378,3d4ccccd
8625000,1,1,400ccccc,3fc62378,3d4ccccd
8635000,1,1,400ccccc,3fc62378,3d4ccccd
8645000,1,1,400ccccc,3fc62378,3d4ccccd
8655000,1,1,400ccccc,3fc62378,3d4ccccd
8665000,1,1,400ccccc,3fc62378,3d4ccccd
8675000,1,1,400ccccc,3fc62378,3d4ccccd
8685000,1,1,400ccccc,3fc62378,3d4ccccd
8695000,1,1,400ccccc,3fc62378,3d4ccccd
8705000,1,1,400ccccc,3fc62378,3d4ccccd
8715000,1,1,400ccccc,3fc62378,3d4ccccd
8725000,1,1,400ccccc,3fc62378,3d4ccccd
8735000,1,1,400ccccc,3fc62378,3d4ccccd
8745000,1,1,400ccccc,3fc62378,3d4ccccd
8755000,1,1,400ccccc,3fc62378,3d4ccccd
8765000,1,1,400ccccc,3fc62378,3d4ccccd
8775000,1,1,400ccccc,3fc62378,3d4ccccd
8785000,1,1,400ccccc,3fc62378,3d4ccccd
8795000,1,1,400ccccc,3fc62378,3d4ccccd
8805000,1,1,400ccccc,3fc62378,3d4ccccd
8815000,1,1,400ccccc,3fc62378,3d4ccccd
8825000,1,1,400ccccc,3fc62378,3d4ccccd
8835000,1,1,400ccccc,3fc62378,3d4ccccd
8845000,1,1,400ccccc,3fc62378,3d4ccccd
8855000,1,1,400ccccc,3fc62378,3d4ccccd
8865000,1,1,400ccccc,3fc62378,3d4ccccd
8875000,1,1,400ccccc,3fc62378,3d4ccccd
8885000,1,1,400ccccc,3fc62378,3d4ccccd
8895000,1,1,400ccccc,3fc62378,3d4ccccd
8905000,1,1,400ccccc,3fc62378,3d4ccccd
8915000,1,1,400ccccc,3fc62378,3d4ccccd
8925000,1,1,400ccccc,3fc62378,3d4ccccd
8935000,1,1,400ccccc,3fc62378,3d4ccccd
8945000,1,1,400ccccc,3fc62378,3d4ccccd
8955000,1,1,400ccccc,3fc62378,3d4ccccd
8965000,1,1,400ccccc,3fc62378,3d4ccccd
8975000,1,1,400ccccc,3fc62378,3d4ccccd
8985000,1,1,400ccccc,3fc62378,3d4ccccd
8995000,1,1,400ccccc,3fc62378,3d4ccccd
9005000,1,1,400ccccc,3fc62378,3d4ccccd
9015000,1,1,400ccccc,3fc62378,3d4ccccd
9025000,1,1,400ccccc,3fc62378,3d4ccccd
9035000,1,1,400ccccc,3fc62378,3d4ccccd
9045000,1,1,400ccccc,3fc62378,3d4ccccd
9055000,1,1,400ccccc,3fc62378,3d4ccccd
9065000,1,1,400ccccc,3fc62378,3d4ccccd
9075000,1,1,400ccccc,3fc62378,3d4ccccd
9085000,1,1,400ccccc,3fc62378,3d4ccccd
9095000,1,1,400ccccc,3fc62378,3d4ccccd
9105000,1,1,400ccccc,3fc62378,3d4ccccd
9115000,1,1,400ccccc,3fc62378,3d4ccccd
9125000,1,1,400ccccc,3fc62378,3d4ccccd
9135000,1,1,400ccccc,3fc62378,3d4ccccd
9145000,1,1,400ccccc,3fc62378,3d4ccccd
9155000,1,1,400ccccc,3fc62378,3d4ccccd
9165000,1,1,400ccccc,3fc62378,3d4ccccd
9175000,1,1,400ccccc,3fc62378,3d4ccccd
9185000,1,1,400ccccc,3fc62378,3d4ccccd
9195000,1,1,400ccccc,3fc62378,3d4ccccd
9205000,1,1,400ccccc,3fc62378,3d4ccccd
9215000,1,1,400ccccc,3fc62378,3d4ccccd
9225000,1,1,400ccccc,3fc62378,3d4ccccd
9235000,1,1,400ccccc,3fc62378,3d4ccccd
9245000,1,1,400ccccc,3fc62378,3d4ccccd
9255000,1,1,400ccccc,3fc62378,3d4ccccd
9265000,1,1,400ccccc,3fc62378,3d4ccccd
9275000,1,1,400ccccc,3fc62378,3d4ccccd
9285000,1,1,400ccccc,3fc62378,3d4ccccd
9295000,1,1,400ccccc,3fc62378,3d4ccccd
9305000,1,1,400ccccc,3fc62378,3d4ccccd
9315000,1,1,400ccccc,3fc62378,3d4ccccd
9325000,1,1,400ccccc,3fc62378,3d4ccccd
9335000,1,1,400ccccc,3fc62378,3d4ccccd
9345000,1,1,400ccccc,3fc62378,3d4ccccd
9355000,1,1,400ccccc,3fc62378,3d4ccccd
9365000,1,1,400ccccc,3fc62378,3d4ccccd
9375000,1,1,400ccccc,3fc62378,3d4ccccd
9385000,1,1,400ccccc,3fc62378,3d4ccccd
9395000,1,1,400ccccc,3fc62378,3d4ccccd
9405000,1,1,400ccccc,3fc62378,3d4ccccd
9415000,1,1,400ccccc,3fc62378,3d4ccccd
9425000,1,1,400ccccc,3fc62378,3d4ccccd
9435000,1,1,400ccccc,3fc62378,3d4ccccd
9445000,1,1,400ccccc,3fc62378,3d4ccccd
9455000,1,1,400ccccc,3fc62378,3d4ccccd
9465000,1,1,400ccccc,3fc62378,3d4ccccd
9475000,1,1,400ccccc,3fc62378,3d4ccccd
9485000,1,1,400ccccc,3fc62378,3d4ccccd
9495000,1,1,400ccccc,3fc62378,3d4ccccd
9505000,1,1,400ccccc,3fc62378,3d4ccccd
9515000,1,1,400ccccc,3fc62378,3d4ccccd
9525000,1,1,400ccccc,3fc62378,3d4ccccd
9535000,1,1,400ccccc,3fc62378,3d4ccccd
9545000,1,1,400ccccc,3fc62378,3d4ccccd
9555000,1,1,400ccccc,3fc62378,3d4ccccd
9565000,1,1,400ccccc,3fc62378,3d4ccccd
9575000,1,1,400ccccc,3fc62378,3d4ccccd
9585000,1,1,400ccccc,3fc62378,3d4ccccd
9595000,1,1,400ccccc,3fc62378,3d4ccccd
9605000,1,1,400ccccc,3fc62378,3d4ccccd
9615000,1,1,400ccccc,3fc62378,3d4ccccd
9625000,1,1,400ccccc,3fc62378,3d4ccccd
9635000,1,1,400ccccc,3fc62378,3d4ccccd
9645000,1,1,400ccccc,3fc62378,3d4ccccd
9655000,1,1,400ccccc,3fc62378,3d4ccccd
9665000,1,1,400ccccc,3fc62378,3d4ccccd
9675000,1,1,400ccccc,3fc62378,3d4ccccd
9685000,1,1,400ccccc,3fc62378,3d4ccccd
9695000,1,1,400ccccc,3fc62378,3d4ccccd
9705000,1,1,400ccccc,3fc62378,3d4ccccd
9715000,1,1,400ccccc,3fc62378,3d4ccccd
9725000,1,1,400ccccc,3fc62378,3d4ccccd
9735000,1,1,400ccccc,3fc62378,3d4ccccd
9745000,1,1,400ccccc,3fc62378,3d4ccccd
9755000,1,1,400ccccc,3fc62378,3d4ccccd
9765000,1,1,400ccccc,3fc62378,3d4ccccd
9775000,1,1,400ccccc,3fc62378,3d4ccccd
9785000,1,1,400ccccc,3fc62378,3d4ccccd
9795000,1,1,400ccccc,3fc62378,3d4ccccd
9805000,1,1,400ccccc,3fc62378,3d4ccccd
9815000,1,1,400ccccc,3fc62378,3d4ccccd
9825000,1,1,400ccccc,3fc62378,3d4ccccd
9835000,1,1,400ccccc,3fc62378,3d4ccccd
9845000,1,1,400ccccc,3fc62378,3d4ccccd
9855000,1,1,400ccccc,3fc62378,3d4ccccd
9865000,1,1,400ccccc,3fc62378,3d4ccccd
9875000,1,1,400ccccc,3fc62378,3d4ccccd
9885000,1,1,400ccccc,3fc62378,3d4ccccd
9895000,1,1,400ccccc,3fc62378,3d4ccccd
9905000,1,1,400ccccc,3fc62378,3d4ccccd
9915000,1,1,400ccccc,3fc62378,3d4ccccd
9925000,1,1,400ccccc,3fc62378,3d4ccccd
9935000,1,1,400ccccc,3fc62378,3d4ccccd
9945000,1,1,400ccccc,3fc62378,3d4ccccd
9955000,1,1,400ccccc,3fc62378,3d4ccccd
9965000,1,1,400ccccc,3fc62378,3d4ccccd
9975000,1,1,400ccccc,3fc62378,3d4ccccd
9985000,1,1,400ccccc,3fc62378,3d4ccccd
9995000,1,1,400ccccc,3fc62378,3d4ccccd
10005000,1,1,400ccccc,3fc62378,3d4ccccd
10015000,1,1,400ccccc,3fc62378,3d4ccccd
10025000,1,1,400ccccc,3fc62378,3d4ccccd
10035000,1,1,400ccccc,3fc62378,3d4ccccd
10045000,1,1,400ccccc,3fc62378,3d4ccccd
10055000,1,1,400ccccc,3fc62378,3d4ccccd
10065000,1,1,400ccccc,3fc62378,3d4ccccd
10075000,1,1,400ccccc,3fc62378,3d4ccccd
10085000,1,1,400ccccc,3fc62378,3d4ccccd
10095000,1,1,400ccccc,3fc62378,3d4ccccd
10105000,1,1,400ccccc,3fc62378,3d4ccccd
10115000,1,1,400ccccc,3fc62378,3d4ccccd
10125000,1,1,400ccccc,3fc62378,3d4ccccd
10135000,1,1,400ccccc,3fc62378,3d4ccccd
10145000,1,1,400ccccc,3fc62378,3d4ccccd
10155000,1,1,400ccccc,3fc62378,3d4ccccd
12665000,1,1,40133332,3fe36634,3d4ccccd
12675000,1,1,40133332,3fe36634,3d4ccccd
12685000,1,1,40133332,3fe36634,3d4ccccd
12695000,1,1,40133332,3fe36634,3d4ccccd
12705000,1,1,40133332,3fe36634,3d4ccccd
12715000,1,1,40133332,3fe36634,3d4ccccd
12725000,1,1,40133332,3fe36634,3d4ccccd
12735000,1,1,40133332,3fe36634,3d4ccccd
12745000,1,1,40133332,3fe36634,3d4ccccd
12755000,1,1,40133332,3fe36634,3d4ccccd
12765000,1,1,40133332,3fe36634,3d4ccccd
12775000,1,1,40133332,3fe36634,3d4ccccd
12785000,1,1,40133332,3fe36634,3d4ccccd
12795000,1,1,40133332,3fe36634,3d4ccccd
12805000,1,1,40133332,3fe36634,3d4ccccd
12815000,1,1,40133332,3fe36634,3d4ccccd
12825000,1,1,40133332,3fe36634,3d4ccccd
12835000,1,1,40133332,3fe36634,3d4ccccd
12845000,1,1,40133332,3fe36634,3d4ccccd
12855000,1,1,40133332,3fe36634,3d4ccccd
12865000,1,1,40133332,3fe36634,3d4ccccd
12875000,1,1,40133332,3fe36634,3d4ccccd
12885000,1,1,40133332,3fe36634,3d4ccccd
12895000,1,1,40133332,3fe36634,3d4ccccd
12905000,1,1,40133332,3fe36634,3d4ccccd
12915000,1,1,40133332,3fe36634,3d4ccccd
12925000,1,1,40133332,3fe36634,3d4ccccd
12935000,1,1,40133332,3fe36634,3d4ccccd
12945000,1,1,40133332,3fe36634,3d4ccccd
12955000,1,1,40133332,3fe36634,3d4ccccd
12965000,1,1,40133332,3fe36634,3d4ccccd
12975000,1,1,40133332,3fe36634,3d4ccccd
12985000,1,1,40133332,3fe36634,3d4ccccd
12995000,1,1,40133332,3fe36634,3d4ccccd
13005000,1,1,40133332,3fe36634,3d4ccccd
13015000,1,1,40133332,3fe36634,3d4ccccd
13025000,1,1,40133332,3fe36634,3d4ccccd
13035000,1,1,40133332,3fe36634,3d4ccccd
13045000,1,1,40133332,3fe36634,3d4ccccd
13055000,1,1,40133332,3fe36634,3d4ccccd
13065000,1,1,40133332,3fe36634,3d4ccccd
13075000,1,1,40133332,3fe36634,3d4ccccd
13085000,1,1,40133332,3fe36634,3d4ccccd
13095000,1,1,40133332,3fe36634,3d4ccccd
13105000,1,1,40133332,3fe36634,3d4ccccd
13115000,1,1,40133332,3fe36634,3d4ccccd
13125000,1,1,40133332,3fe36634,3d4ccccd
13135000,1,1,40133332,3fe36634,3d4ccccd
13145000,1,1,40133332,3fe36634,3d4ccccd
13155000,1,1,40133332,3fe36634,3d4ccccd
13165000,1,1,40133332,3fe36634,3d4ccccd
13175000,1,1,40133332,3fe36634,3d4ccccd
13185000,1,1,40133332,3fe36634,3d4ccccd
13195000,1,1,40133332,3fe36634,3d4ccccd
13205000,1,1,40133332,3fe36634,3d4ccccd
13215000,1,1,40133332,3fe36634,3d4ccccd
13225000,1,1,40133332,3fe36634,3d4ccccd
13235000,1,1,40133332,3fe36634,3d4ccccd
13245000,1,1,40133332,3fe36634,3d4ccccd
13255000,1,1,40133332,3fe36634,3d4ccccd
13265000,1,1,40133332,3fe36634,3d4ccccd
13275000,1,1,40133332,3fe36634,3d4ccccd
13285000,1,1,40133332,3fe36634,3d4ccccd
13295000,1,1,40133332,3fe36634,3d4ccccd
13305000,1,1,40133332,3fe36634,3d4ccccd
13315000,1,1,40133332,3fe36634,3d4ccccd
13325000,1,1,40133332,3fe36634,3d4ccccd
13335000,1,1,40133332,3fe36634,3d4ccccd
13345000,1,1,40133332,3fe36634,3d4ccccd
13355000,1,1,40133332,3fe36634,3d4ccccd
13365000,1,1,40133332,3fe36634,3d4ccccd
13375000,1,1,40133332,3fe36634,3d4ccccd
13385000,1,1,40133332,3fe36634,3d4ccccd
13395000,1,1,40133332,3fe36634,3d4ccccd
13405000,1,1,40133332,3fe36634,3d4ccccd
13415000,1,1,40133332,3fe36634,3d4ccccd
13425000,1,1,40133332,3fe36634,3d4ccccd
13435000,1,1,40133332,3fe36634,3d4ccccd
13445000,1,1,40133332,3fe36634,3d4ccccd
13455000,1,1,40133332,3fe36634,3d4ccccd
13465000,1,1,40133332,3fe36634,3d4ccccd
13475000,1,1,40133332,3fe36634,3d4ccccd
13485000,1,1,40133332,3fe36634,3d4ccccd
13495000,1,1,40133332,3fe36634,3d4ccccd
13505000,1,1,40133332,3fe36634,3d4ccccd
13515000,1,1,40133332,3fe36634,3d4ccccd
13525000,1,1,40133332,3fe36634,3d4ccccd
13535000,1,1,40133332,3fe36634,3d4ccccd
13545000,1,1,40133332,3fe36634,3d4ccccd
13555000,1,1,40133332,3fe36634,3d4ccccd
13565000,1,1,40133332,3fe36634,3d4ccccd
13575000,1,1,40133332,3fe36634,3d4ccccd
13585000,1,1,40133332,3fe36634,3d4ccccd
13595000,1,1,40133332,3fe36634,3d4ccccd
13605000,1,1,40133332,3fe36634,3d4ccccd
13615000,1,1,40133332,3fe36634,3d4ccccd
13625000,1,1,40133332,3fe36634,3d4ccccd
13635000,1,1,40133332,3fe36634,3d4ccccd
13645000,1,1,40133332,3fe36634,3d4ccccd
13655000,1,1,40133332,3fe36634,3d4ccccd
13665000,1,1,40133332,3fe36634,3d4ccccd
13675000,1,1,40133332,3fe36634,3d4ccccd
13685000,1,1,40133332,3fe36634,3d4ccccd
13695000,1,1,40133332,3fe36634,3d4ccccd
13705000,1,1,40133332,3fe36634,3d4ccccd
13715000,1,1,40133332,3fe36634,3d4ccccd
13725000,1,1,40133332,3fe36634,3d4ccccd
13735000,1,1,40133332,3fe36634,3d4ccccd
13745000,1,1,40133332,3fe36634,3d4ccccd
13755000,1,1,40133332,3fe36634,3d4ccccd
13765000,1,1,40133332,3fe36634,3d4ccccd
13775000,1,1,40133332,3fe36634,3d4ccccd
13785000,1,1,40133332,3fe36634,3d4ccccd
13795000,1,1,40133332,3fe36634,3d4ccccd
13805000,1,1,40133332,3fe36634,3d4ccccd
13815000,1,1,40133332,3fe36634,3d4ccccd
13825000,1,1,40133332,3fe36634,3d4ccccd
13835000,1,1,40133332,3fe36634,3d4ccccd
13845000,1,1,40133332,3fe36634,3d4ccccd
13855000,1,1,40133332,3fe36634,3d4ccccd
13865000,1,1,40133332,3fe36634,3d4ccccd
13875000,1,1,40133332,3fe36634,3d4ccccd
13885000,1,1,40133332,3fe36634,3d4ccccd
13895000,1,1,40133332,3fe36634,3d4ccccd
13905000,1,1,40133332,3fe36634,3d4ccccd
13915000,1,1,40133332,3fe36634,3d4ccccd
13925000,1,1,40133332,3fe36634,3d4ccccd
13935000,1,1,40133332,3fe36634,3d4ccccd
13945000,1,1,40133332,3fe36634,3d4ccccd
13955000,1,1,40133332,3fe36634,3d4ccccd
13965000,1,1,40133332,3fe36634,3d4ccccd
13975000,1,1,40133332,3fe36634,3d4ccccd
13985000,1,1,40133332,3fe36634,3d4ccccd
13995000,1,1,40133332,3fe36634,3d4ccccd
14005000,1,1,40133332,3fe36634,3d4ccccd
14015000,1,1,40133332,3fe36634,3d4ccccd
14025000,1,1,40133332,3fe36634,3d4ccccd
14035000,1,1,40133332,3fe36634,3d4ccccd
14045000,1,1,40133332,3fe36634,3d4ccccd
14055000,1,1,40133332,3fe36634,3d4ccccd
14065000,1,1,40133332,3fe36634,3d4ccccd
14075000,1,1,40133332,3fe36634,3d4ccccd
14085000,1,1,40133332,3fe36634,3d4ccccd
14095000,1,1,40133332,3fe36634,3d4ccccd
14105000,1,1,40133332,3fe36634,3d4ccccd
14115000,1,1,40133332,3fe36634,3d4ccccd
14125000,1,1,40133332,3fe36634,3d4ccccd
14135000,1,1,40133332,3fe36634,3d4ccccd
14145000,1,1,40133332,3fe36634,3d4ccccd
14155000,1,1,40133332,3fe36634,3d4ccccd
14165000,1,1,40133332,3fe36634,3d4ccccd
14175000,1,1,40133332,3fe36634,3d4ccccd
14185000,1,1,40133332,3fe36634,3d4ccccd
14195000,1,1,40133332,3fe36634,3d4ccccd
14205000,1,1,40133332,3fe36634,3d4ccccd
14215000,1,1,40133332,3fe36634,3d4ccccd
14225000,1,1,40133332,3fe36634,3d4ccccd
14235000,1,1,40133332,3fe36634,3d4ccccd
14245000,1,1,40133332,3fe36634,3d4ccccd
14255000,1,1,40133332,3fe36634,3d4ccccd
14265000,1,1,40133332,3fe36634,3d4ccccd
14275000,1,1,40133332,3fe36634,3d4ccccd
14285000,1,1,40133332,3fe36634,3d4ccccd
14295000,1,1,40133332,3fe36634,3d4ccccd
14305000,1,1,40133332,3fe36634,3d4ccccd
14315000,1,1,40133332,3fe36634,3d4ccccd
14325000,1,1,40133332,3fe36634,3d4ccccd
14335000,1,1,40133332,3fe36634,3d4ccccd
14345000,1,1,40133332,3fe36634,3d4ccccd
14355000,1,1,40133332,3fe36634,3d4ccccd
14365000,1,1,40133332,3fe36634,3d4ccccd
14375000,1,1,40133332,3fe36634,3d4ccccd
14385000,1,1,40133332,3fe36634,3d4ccccd
14395000,1,1,40133332,3fe36634,3d4ccccd
14405000,1,1,40133332,3fe36634,3d4ccccd
14415000,1,1,40133332,3fe36634,3d4ccccd
14425000,1,1,40133332,3fe36634,3d4ccccd
14435000,1,1,40133332,3fe36634,3d4ccccd
14445000,1,1,40133332,3fe36634,3d4ccccd
14455000,1,1,40133332,3fe36634,3d4ccccd
14465000,1,1,40133332,3fe36634,3d4ccccd
14475000,1,1,40133332,3fe36634,3d4ccccd
14485000,1,1,40133332,3fe36634,3d4ccccd
14495000,1,1,40133332,3fe36634,3d4ccccd
14505000,1,1,40133332,3fe36634,3d4ccccd
14515000,1,1,40133332,3fe36634,3d4ccccd
14525000,1,1,40133332,3fe36634,3d4ccccd
14535000,1,1,40133332,3fe36634,3d4ccccd
14545000,1,1,40133332,3fe36634,3d4ccccd
14555000,1,1,40133332,3fe36634,3d4ccccd
14565000,1,1,40133332,3fe36634,3d4ccccd
14575000,1,1,40133332,3fe36634,3d4ccccd
14585000,1,1,40133332,3fe36634,3d4ccccd
14595000,1,1,40133332,3fe36634,3d4ccccd
14605000,1,1,40133332,3fe36634,3d4ccccd
14615000,1,1,40133332,3fe36634,3d4ccccd
14625000,1,1,40133332,3fe36634,3d4ccccd
14635000,1,1,40133332,3fe36634,3d4ccccd
14645000,1,1,40133332,3fe36634,3d4ccccd
14655000,1,1,40133332,3fe36634,3d4ccccd
14665000,1,1,40133332,3fe36634,3d4ccccd
14675000,1,1,40133332,3fe36634,3d4ccccd
14685000,1,1,40133332,3fe36634,3d4ccccd
14695000,1,1,40133332,3fe36634,3d4ccccd
14705000,1,1,40133332,3fe36634,3d4ccccd
14715000,1,1,40133332,3fe36634,3d4ccccd
14725000,1,1,40133332,3fe36634,3d4ccccd
14735000,1,1,40133332,3fe36634,3d4ccccd
14745000,1,1,40133332,3fe36634,3d4ccccd
14755000,1,1,40133332,3fe36634,3d4ccccd
14765000,1,1,40133332,3fe36634,3d4ccccd
14775000,1,1,40133332,3fe36634,3d4ccccd
14785000,1,1,40133332,3fe36634,3d4ccccd
14795000,1,1,40133332,3fe36634,3d4ccccd
14805000,1,1,40133332,3fe36634,3d4ccccd
14815000,1,1,40133332,3fe36634,3d4ccccd
14825000,1,1,40133332,3fe36634,3d4ccccd
14835000,1,1,40133332,3fe36634,3d4ccccd
14845000,1,1,40133332,3fe36634,3d4ccccd
14855000,1,1,40133332,3fe36634,3d4ccccd
14865000,1,1,40133332,3fe36634,3d4ccccd
14875000,1,1,40133332,3fe36634,3d4ccccd
14885000,1,1,40133332,3fe36634,3d4ccccd
14895000,1,1,40133332,3fe36634,3d4ccccd
14905000,1,1,40133332,3fe36634,3d4ccccd
14915000,1,1,40133332,3fe36634,3d4ccccd
14925000,1,1,40133332,3fe36634,3d4ccccd
14935000,1,1,40133332,3fe36634,3d4ccccd
14945000,1,1,40133332,3fe36634,3d4ccccd
14955000,1,1,40133332,3fe36634,3d4ccccd
14965000,1,1,40133332,3fe36634,3d4ccccd
14975000,1,1,40133332,3fe36634,3d4ccccd
14985000,1,1,40133332,3fe36634,3d4ccccd
14995000,1,1,40133332,3fe36634,3d4ccccd
15005000,1,1,40133332,3fe36634,3d4ccccd
15015000,1,1,40133332,3fe36634,3d4ccccd
15025000,1,1,40133332,3fe36634,3d4ccccd
15035000,1,1,40133332,3fe36634,3d4ccccd
15045000,1,1,40133332,3fe36634,3d4ccccd
15055000,1,1,40133332,3fe36634,3d4ccccd
15065000,1,1,40133332,3fe36634,3d4ccccd
15075000,1,1,40133332,3fe36634,3d4ccccd
15085000,1,1,40133332,3fe36634,3d4ccccd
15095000,1,1,40133332,3fe36634,3d4ccccd
15105000,1,1,40133332,3fe36634,3d4ccccd
15115000,1,1,40133332,3fe36634,3d4ccccd
15125000,1,1,40133332,3fe36634,3d4ccccd
15135000,1,1,40133332,3fe36634,3d4ccccd
15145000,1,1,40133332,3fe36634,3d4ccccd
15155000,1,1,40133332,3fe36634,3d4ccccd
15165000,1,1,40133332,3fe36634,3d4ccccd
15175000,1,1,40133332,3fe36634,3d4ccccd
15185000,1,1,40133332,3fe36634,3d4ccccd
15195000,1,1,40133332,3fe36634,3d4ccccd
15205000,1,1,40133332,3fe36634,3d4ccccd
15215000,1,1,40133332,3fe36634,3d4ccccd
15225000,1,1,40133332,3fe36634,3d4ccccd
15235000,1,1,40133332,3fe36634,3d4ccccd
15245000,1,1,40133332,3fe36634,3d4ccccd
15255000,1,1,40133332,3fe36634,3d4ccccd
15265000,1,1,40133332,3fe36634,3d4ccccd
15275000,1,1,40133332,3fe36634,3d4ccccd
15285000,1,1,40133332,3fe36634,3d4ccccd
15295000,1,1,40133332,3fe36634,3d4ccccd
15305000,1,1,40133332,3fe36634,3d4ccccd
15315000,1,1,40133332,3fe36634,3d4ccccd
15325000,1,1,40133332,3fe36634,3d4ccccd
15335000,1,1,40133332,3fe36634,3d4ccccd
15345000,1,1,40133332,3fe36634,3d4ccccd
15355000,1,1,40133332,3fe36634,3d4ccccd
15365000,1,1,40133332,3fe36634,3d4ccccd
15375000,1,1,40133332,3fe36634,3d4ccccd
15385000,1,1,40133332,3fe36634,3d4ccccd
15395000,1,1,40133332,3fe36634,3d4ccccd
15405000,1,1,40133332,3fe36634,3d4ccccd
15415000,1,1,40133332,3fe36634,3d4ccccd
15425000,1,1,40133332,3fe36634,3d4ccccd
15435000,1,1,40133332,3fe36634,3d4ccccd
15445000,1,1,40133332,3fe36634,3d4ccccd
15455000,1,1,40133332,3fe36634,3d4ccccd
15465000,1,1,40133332,3fe36634,3d4ccccd
15475000,1,1,40133332,3fe36634,3d4ccccd
15485000,1,1,40133332,3fe36634,3d4ccccd
15495000,1,1,40133332,3fe36634,3d4ccccd
15505000,1,1,40133332,3fe36634,3d4ccccd
15515000,1,1,40133332,3fe36634,3d4ccccd
15525000,1,1,40133332,3fe36634,3d4ccccd
15535000,1,1,40133332,3fe36634,3d4ccccd
15545000,1,1,40133332,3fe36634,3d4ccccd
15555000,1,1,40133332,3fe36634,3d4ccccd
15565000,1,1,40133332,3fe36634,3d4ccccd
15575000,1,1,40133332,3fe36634,3d4ccccd
15585000,1,1,40133332,3fe36634,3d4ccccd
15595000,1,1,40133332,3fe36634,3d4ccccd
15605000,1,1,40133332,3fe36634,3d4ccccd
15615000,1,1,40133332,3fe36634,3d4ccccd
15625000,1,1,40133332,3fe36634,3d4ccccd
15635000,1,1,40133332,3fe36634,3d4ccccd
15645000,1,1,40133332,3fe36634,3d4ccccd
15655000,1,1,40133332,3fe36634,3d4ccccd
15665000,1,1,40133332,3fe36634,3d4ccccd
15675000,1,1,40133332,3fe36634,3d4ccccd
15685000,1,1,40133332,3fe36634,3d4ccccd
15695000,1,1,40133332,3fe36634,3d4ccccd
15705000,1,1,40133332,3fe36634,3d4ccccd
15715000,1,1,40133332,3fe36634,3d4ccccd
15725000,1,1,40133332,3fe36634,3d4ccccd
15735000,1,1,40133332,3fe36634,3d4ccccd
15745000,1,1,40133332,3fe36634,3d4ccccd
15755000,1,1,40133332,3fe36634,3d4ccccd
15765000,1,1,40133332,3fe36634,3d4ccccd
15775000,1,1,40133332,3fe36634,3d4ccccd
15785000,1,1,40133332,3fe36634,3d4ccccd
15795000,1,1,40133332,3fe36634,3d4ccccd
15805000,1,1,40133332,3fe36634,3d4ccccd
15815000,1,1,40133332,3fe36634,3d4ccccd
15825000,1,1,40133332,3fe36634,3d4ccccd
15835000,1,1,40133332,3fe36634,3d4ccccd
15845000,1,1,40133332,3fe36634,3d4ccccd
15855000,1,1,40133332,3fe36634,3d4ccccd
15865000,1,1,40133332,3fe36634,3d4ccccd
15875000,1,1,40133332,3fe36634,3d4ccccd
15885000,1,1,40133332,3fe36634,3d4ccccd
15895000,1,1,40133332,3fe36634,3d4ccccd
15905000,1,1,40133332,3fe36634,3d4ccccd
15915000,1,1,40133332,3fe36634,3d4ccccd
15925000,1,1,40133332,3fe36634,3d4ccccd
15935000,1,1,40133332,3fe36634,3d4ccccd
15945000,1,1,40133332,3fe36634,3d4ccccd
15955000,1,1,40133332,3fe36634,3d4ccccd
15965000,1,1,40133332,3fe36634,3d4ccccd
15975000,1,1,40133332,3fe36634,3d4ccccd
15985000,1,1,40133332,3fe36634,3d4ccccd
15995000,1,1,40133332,3fe36634,3d4ccccd
16005000,1,1,40133332,3fe36634,3d4ccccd
16015000,1,1,40133332,3fe36634,3d4ccccd
16025000,1,1,40133332,3fe36634,3d4ccccd
16035000,1,1,40133332,3fe36634,3d4ccccd
16045000,1,1,40133332,3fe36634,3d4ccccd
16055000,1,1,40133332,3fe36634,3d4ccccd
16065000,1,1,40133332,3fe36634,3d4ccccd
16075000,1,1,40133332,3fe36634,3d4ccccd
16085000,1,1,40133332,3fe36634,3d4ccccd
16095000,1,1,40133332,3fe36634,3d4ccccd
16105000,1,1,40133332,3fe36634,3d4ccccd
16115000,1,1,40133332,3fe36634,3d4ccccd
16125000,1,1,40133332,3fe36634,3d4ccccd
16135000,1,1,40133332,3fe36634,3d4ccccd
16145000,1,1,40133332,3fe36634,3d4ccccd
16155000,1,1,40133332,3fe36634,3d4ccccd
16165000,1,1,40133332,3fe36634,3d4ccccd
16175000,1,1,40133332,3fe36634,3d4ccccd
16185000,1,1,40133332,3fe36634,3d4ccccd
16195000,1,1,40133332,3fe36634,3d4ccccd
16205000,1,1,40133332,3fe36634,3d4ccccd
16215000,1,1,40133332,3fe36634,3d4ccccd
16225000,1,1,40133332,3fe36634,3d4ccccd
16235000,1,1,40133332,3fe36634,3d4ccccd
16245000,1,1,40133332,3fe36634,3d4ccccd
16255000,1,1,40133332,3fe36634,3d4ccccd
16265000,1,1,40133332,3fe36634,3d4ccccd
16275000,1,1,40133332,3fe36634,3d4ccccd
16285000,1,1,40133332,3fe36634,3d4ccccd
16295000,1,1,40133332,3fe36634,3d4ccccd
16305000,1,1,40133332,3fe36634,3d4ccccd
16315000,1,1,40133332,3fe36634,3d4ccccd
16325000,1,1,40133332,3fe36634,3d4ccccd
16335000,1,1,40133332,3fe36634,3d4ccccd
16345000,1,1,40133332,3fe36634,3d4ccccd
16355000,1,1,40133332,3fe36634,3d4ccccd
16365000,1,1,40133332,3fe36634,3d4ccccd
16375000,1,1,40133332,3fe36634,3d4ccccd
16385000,1,1,40133332,3fe36634,3d4ccccd
16395000,1,1,40133332,3fe36634,3d4ccccd
16405000,1,1,40133332,3fe36634,3d4ccccd
16415000,1,1,40133332,3fe36634,3d4ccccd
16425000,1,1,40133332,3fe36634,3d4ccccd
16435000,1,1,40133332,3fe36634,3d4ccccd
16445000,1,1,40133332,3fe36634,3d4ccccd
16455000,1,1,40133332,3fe36634,3d4ccccd
16465000,1,1,40133332,3fe36634,3d4ccccd
16475000,1,1,40133332,3fe36634,3d4ccccd
16485000,1,1,40133332,3fe36634,3d4ccccd
16495000,1,1,40133332,3fe36634,3d4ccccd
16505000,1,1,40133332,3fe36634,3d4ccccd
16515000,1,1,40133332,3fe36634,3d4ccccd
16525000,1,1,40133332,3fe36634,3d4ccccd
16535000,1,1,40133332,3fe36634,3d4ccccd
16545000,1,1,40133332,3fe36634,3d4ccccd
16555000,1,1,40133332,3fe36634,3d4ccccd
16565000,1,1,40133332,3fe36634,3d4ccccd
16575000,1,1,40133332,3fe36634,3d4ccccd
16585000,1,1,40133332,3fe36634,3d4ccccd
16595000,1,1,40133332,3fe36634,3d4ccccd
16605000,1,1,40133332,3fe36634,3d4ccccd
16615000,1,1,40133332,3fe36634,3d4ccccd
16625000,1,1,40133332,3fe36634,3d4ccccd
16635000,1,1,40133332,3fe36634,3d4ccccd
16645000,1,1,40133332,3fe36634,3d4ccccd
16655000,1,1,40133332,3fe36634,3d4ccccd
16665000,1,1,40133332,3fe36634,3d4ccccd
16675000,1,1,40133332,3fe36634,3d4ccccd
16685000,1,1,40133332,3fe36634,3d4ccccd
16695000,1,1,40133332,3fe36634,3d4ccccd
16705000,1,1,40133332,3fe36634,3d4ccccd
16715000,1,1,40133332,3fe36634,3d4ccccd
16725000,1,1,40133332,3fe36634,3d4ccccd
16735000,1,1,40133332,3fe36634,3d4ccccd
16745000,1,1,40133332,3fe36634,3d4ccccd
16755000,1,1,40133332,3fe36634,3d4ccccd
16765000,1,1,40133332,3fe36634,3d4ccccd
16775000,1,1,40133332,3fe36634,3d4ccccd
16785000,1,1,40133332,3fe36634,3d4ccccd
16795000,1,1,40133332,3fe36634,3d4ccccd
16805000,1,1,40133332,3fe36634,3d4ccccd
16815000,1,1,40133332,3fe36634,3d4ccccd
16825000,1,1,40133332,3fe36634,3d4ccccd
16835000,1,1,40133332,3fe36634,3d4ccccd
16845000,1,1,40133332,3fe36634,3d4ccccd
16855000,1,1,40133332,3fe36634,3d4ccccd
16865000,1,1,40133332,3fe36634,3d4ccccd
16875000,1,1,40133332,3fe36634,3d4ccccd
16885000,1,1,40133332,3fe36634,3d4ccccd
16895000,1,1,40133332,3fe36634,3d4ccccd
16905000,1,1,40133332,3fe36634,3d4ccccd
16915000,1,1,40133332,3fe36634,3d4ccccd
16925000,1,1,40133332,3fe36634,3d4ccccd
16935000,1,1,40133332,3fe36634,3d4ccccd
16945000,1,1,40133332,3fe36634,3d4ccccd
16955000,1,1,40133332,3fe36634,3d4ccccd
16965000,1,1,40133332,3fe36634,3d4ccccd
16975000,1,1,40133332,3fe36634,3d4ccccd
16985000,1,1,40133332,3fe36634,3d4ccccd
16995000,1,1,40133332,3fe36634,3d4ccccd
17005000,1,1,40133332,3fe36634,3d4ccccd
17015000,1,1,40133332,3fe36634,3d4ccccd
17025000,1,1,40133332,3fe36634,3d4ccccd
17035000,1,1,40133332,3fe36634,3d4ccccd
17045000,1,1,40133332,3fe36634,3d4ccccd
17055000,1,1,40133332,3fe36634,3d4ccccd
17065000,1,1,40133332,3fe36634,3d4ccccd
17075000,1,1,40133332,3fe36634,3d4ccccd
17085000,1,1,40133332,3fe36634,3d4ccccd
17095000,1,1,40133332,3fe36634,3d4ccccd
17105000,1,1,40133332,3fe36634,3d4ccccd
17115000,1,1,40133332,3fe36634,3d4ccccd
17125000,1,1,40133332,3fe36634,3d4ccccd
17135000,1,1,40133332,3fe36634,3d4ccccd
17145000,1,1,40133332,3fe36634,3d4ccccd
17155000,1,1,40133332,3fe36634,3d4ccccd
17165000,1,1,40133332,3fe36634,3d4ccccd
17175000,1,1,40133332,3fe36634,3d4ccccd
17185000,1,1,40133332,3fe36634,3d4ccccd
17195000,1,1,40133332,3fe36634,3d4ccccd
17205000,1,1,40133332,3fe36634,3d4ccccd
17215000,1,1,40133332,3fe36634,3d4ccccd
17225000,1,1,40133332,3fe36634,3d4ccccd
17235000,1,1,40133332,3fe36634,3d4ccccd
17245000,1,1,40133332,3fe36634,3d4ccccd
17255000,1,1,40133332,3fe36634,3d4ccccd
17265000,1,1,40133332,3fe36634,3d4ccccd
17275000,1,1,40133332,3fe36634,3d4ccccd
17285000,1,1,40133332,3fe36634,3d4ccccd
17295000,1,1,40133332,3fe36634,3d4ccccd
17305000,1,1,40133332,3fe36634,3d4ccccd
17315000,1,1,40133332,3fe36634,3d4ccccd
17325000,1,1,40133332,3fe36634,3d4ccccd
17335000,1,1,40133332,3fe36634,3d4ccccd
17345000,1,1,40133332,3fe36634,3d4ccccd
17355000,1,1,40133332,3fe36634,3d4ccccd
17365000,1,1,40133332,3fe36634,3d4ccccd
17375000,1,1,40133332,3fe36634,3d4ccccd
17385000,1,1,40133332,3fe36634,3d4ccccd
17395000,1,1,40133332,3fe36634,3d4ccccd
17405000,1,1,40133332,3fe36634,3d4ccccd
17415000,1,1,40133332,3fe36634,3d4ccccd
17425000,1,1,40133332,3fe36634,3d4ccccd
17435000,1,1,40133332,3fe36634,3d4ccccd
17445000,1,1,40133332,3fe36634,3d4ccccd
17455000,1,1,40133332,3fe36634,3d4ccccd
17465000,1,1,40133332,3fe36634,3d4ccccd
17475000,1,1,40133332,3fe36634,3d4ccccd
17485000,1,1,40133332,3fe36634,3d4ccccd
17495000,1,1,40133332,3fe36634,3d4ccccd
17505000,1,1,40133332,3fe36634,3d4ccccd
17515000,1,1,40133332,3fe36634,3d4ccccd
17525000,1,1,40133332,3fe36634,3d4ccccd
17535000,1,1,40133332,3fe36634,3d4ccccd
17545000,1,1,40133332,3fe36634,3d4ccccd
17555000,1,1,40133332,3fe36634,3d4ccccd
17565000,1,1,40133332,3fe36634,3d4ccccd
17575000,1,1,40133332,3fe36634,3d4ccccd
17585000,1,1,40133332,3fe36634,3d4ccccd
17595000,1,1,40133332,3fe36634,3d4ccccd
17605000,1,1,40133332,3fe36634,3d4ccccd
17615000,1,1,40133332,3fe36634,3d4ccccd
17625000,1,1,40133332,3fe36634,3d4ccccd
17635000,1,1,40133332,3fe36634,3d4ccccd
17645000,1,1,40133332,3fe36634,3d4ccccd
17655000,1,1,40133332,3fe36634,3d4ccccd
17665000,1,1,40133332,3fe36634,3d4ccccd
17675000,1,1,40133332,3fe36634,3d4ccccd
17685000,1,1,40133332,3fe36634,3d4ccccd
17695000,1,1,40133332,3fe36634,3d4ccccd
17705000,1,1,40133332,3fe36634,3d4ccccd
17715000,1,1,40133332,3fe36634,3d4ccccd
17725000,1,1,40133332,3fe36634,3d4ccccd
17735000,1,1,40133332,3fe36634,3d4ccccd
17745000,1,1,40133332,3fe36634,3d4ccccd
17755000,1,1,40133332,3fe36634,3d4ccccd
17765000,1,1,40133332,3fe36634,3d4ccccd
17775000,1,1,40133332,3fe36634,3d4ccccd
17785000,1,1,40133332,3fe36634,3d4ccccd
17795000,1,1,40133332,3fe36634,3d4ccccd
17805000,1,1,40133332,3fe36634,3d4ccccd
17815000,1,1,40133332,3fe36634,3d4ccccd
17825000,1,1,40133332,3fe36634,3d4ccccd
17835000,1,1,40133332,3fe36634,3d4ccccd
17845000,1,1,40133332,3fe36634,3d4ccccd
17855000,1,1,40133332,3fe36634,3d4ccccd
17865000,1,1,40133332,3fe36634,3d4ccccd
17875000,1,1,40133332,3fe36634,3d4ccccd
17885000,1,1,40133332,3fe36634,3d4ccccd
17895000,1,1,40133332,3fe36634,3d4ccccd
17905000,1,1,40133332,3fe36634,3d4ccccd
17915000,1,1,40133332,3fe36634,3d4ccccd
17925000,1,1,40133332,3fe36634,3d4ccccd
17935000,1,1,40133332,3fe36634,3d4ccccd
17945000,1,1,40133332,3fe36634,3d4ccccd
17955000,1,1,40133332,3fe36634,3d4ccccd
17965000,1,1,40133332,3fe36634,3d4ccccd
17975000,1,1,40133332,3fe36634,3d4ccccd
17985000,1,1,40133332,3fe36634,3d4ccccd
17995000,1,1,40133332,3fe36634,3d4ccccd
18005000,1,1,40133332,3fe36634,3d4ccccd
18015000,1,1,40133332,3fe36634,3d4ccccd
18025000,1,1,40133332,3fe36634,3d4ccccd
18035000,1,1,40133332,3fe36634,3d4ccccd
18045000,1,1,40133332,3fe36634,3d4ccccd
18055000,1,1,40133332,3fe36634,3d4ccccd
18065000,1,1,40133332,3fe36634,3d4ccccd
18075000,1,1,40133332,3fe36634,3d4ccccd
18085000,1,1,40133332,3fe36634,3d4ccccd
18095000,1,1,40133332,3fe36634,3d4ccccd
18105000,1,1,40133332,3fe36634,3d4ccccd
18115000,1,1,40133332,3fe36634,3d4ccccd
18125000,1,1,40133332,3fe36634,3d4ccccd
18135000,1,1,40133332,3fe36634,3d4ccccd
18145000,1,1,40133332,3fe36634,3d4ccccd
18155000,1,1,40133332,3fe36634,3d4ccccd
18165000,1,1,40133332,3fe36634,3d4ccccd
18175000,1,1,40133332,3fe36634,3d4ccccd
18185000,1,1,40133332,3fe36634,3d4ccccd
18195000,1,1,40133332,3fe36634,3d4ccccd
18205000,1,1,40133332,3fe36634,3d4ccccd
18215000,1,1,40133332,3fe36634,3d4ccccd
18225000,1,1,40133332,3fe36634,3d4ccccd
18235000,1,1,40133332,3fe36634,3d4ccccd
18245000,1,1,40133332,3fe36634,3d4ccccd
18255000,1,1,40133332,3fe36634,3d4ccccd
18265000,1,1,40133332,3fe36634,3d4ccccd
18275000,1,1,40133332,3fe36634,3d4ccccd
18285000,1,1,40133332,3fe36634,3d4ccccd
18295000,1,1,40133332,3fe36634,3d4ccccd
18305000,1,1,40133332,3fe36634,3d4ccccd
18315000,1,1,40133332,3fe36634,3d4ccccd
18325000,1,1,40133332,3fe36634,3d4ccccd
18335000,1,1,40133332,3fe36634,3d4ccccd
18345000,1,1,40133332,3fe36634,3d4ccccd
18355000,1,1,40133332,3fe36634,3d4ccccd
18365000,1,1,40133332,3fe36634,3d4ccccd
18375000,1,1,40133332,3fe36634,3d4ccccd
18385000,1,1,40133332,3fe36634,3d4ccccd
18395000,1,1,40133332,3fe36634,3d4ccccd
18405000,1,1,40133332,3fe36634,3d4ccccd
18415000,1,1,40133332,3fe36634,3d4ccccd
18425000,1,1,40133332,3fe36634,3d4ccccd
18435000,1,1,40133332,3fe36634,3d4ccccd
18445000,1,1,40133332,3fe36634,3d4ccccd
18455000,1,1,40133332,3fe36634,3d4ccccd
18465000,1,1,40133332,3fe36634,3d4ccccd
18475000,1,1,40133332,3fe36634,3d4ccccd
18485000,1,1,40133332,3fe36634,3d4ccccd
18495000,1,1,40133332,3fe36634,3d4ccccd
18505000,1,1,40133332,3fe36634,3d4ccccd
18515000,1,1,40133332,3fe36634,3d4ccccd
18525000,1,1,40133332,3fe36634,3d4ccccd
18535000,1,1,40133332,3fe36634,3d4ccccd
18545000,1,1,40133332,3fe36634,3d4ccccd
18555000,1,1,40133332,3fe36634,3d4ccccd
18565000,1,1,40133332,3fe36634,3d4ccccd
18575000,1,1,40133332,3fe36634,3d4ccccd
18585000,1,1,40133332,3fe36634,3d4ccccd
18595000,1,1,40133332,3fe36634,3d4ccccd
18605000,1,1,40133332,3fe36634,3d4ccccd
18615000,1,1,40133332,3fe36634,3d4ccccd
18625000,1,1,40133332,3fe36634,3d4ccccd
18635000,1,1,40133332,3fe36634,3d4ccccd
18645000,1,1,40133332,3fe36634,3d4ccccd
18655000,1,1,40133332,3fe36634,3d4ccccd
18665000,1,1,40133332,3fe36634,3d4ccccd
18675000,1,1,40133332,3fe36634,3d4ccccd
18685000,1,1,40133332,3fe36634,3d4ccccd
18695000,1,1,40133332,3fe36634,3d4ccccd
18705000,1,1,40133332,3fe36634,3d4ccccd
18715000,1,1,40133332,3fe36634,3d4ccccd
18725000,1,1,40133332,3fe36634,3d4ccccd
18735000,1,1,40133332,3fe36634,3d4ccccd
18745000,1,1,40133332,3fe36634,3d4ccccd
18755000,1,1,40133332,3fe36634,3d4ccccd
18765000,1,1,40133332,3fe36634,3d4ccccd
18775000,1,1,40133332,3fe36634,3d4ccccd
18785000,1,1,40133332,3fe36634,3d4ccccd
18795000,1,1,40133332,3fe36634,3d4ccccd
18805000,1,1,40133332,3fe36634,3d4ccccd
18815000,1,1,40133332,3fe36634,3d4ccccd
18825000,1,1,40133332,3fe36634,3d4ccccd
18835000,1,1,40133332,3fe36634,3d4ccccd
18845000,1,1,40133332,3fe36634,3d4ccccd
18855000,1,1,40133332,3fe36634,3d4ccccd
18865000,1,1,40133332,3fe36634,3d4ccccd
18875000,1,1,40133332,3fe36634,3d4ccccd
18885000,1,1,40133332,3fe36634,3d4ccccd
18895000,1,1,40133332,3fe36634,3d4ccccd
18905000,1,1,40133332,3fe36634,3d4ccccd
18915000,1,1,40133332,3fe36634,3d4ccccd
18925000,1,1,40133332,3fe36634,3d4ccccd
18935000,1,1,40133332,3fe36634,3d4ccccd
18945000,1,1,40133332,3fe36634,3d4ccccd
18955000,1,1,40133332,3fe36634,3d4ccccd
18965000,1,1,40133332,3fe36634,3d4ccccd
18975000,1,1,40133332,3fe36634,3d4ccccd
18985000,1,1,40133332,3fe36634,3d4ccccd
18995000,1,1,40133332,3fe36634,3d4ccccd
19005000,1,1,40133332,3fe36634,3d4ccccd
19015000,1,1,40133332,3fe36634,3d4ccccd
19025000,1,1,40133332,3fe36634,3d4ccccd
19035000,1,1,40133332,3fe36634,3d4ccccd
19045000,1,1,40133332,3fe36634,3d4ccccd
19055000,1,1,40133332,3fe36634,3d4ccccd
19065000,1,1,40133332,3fe36634,3d4ccccd
19075000,1,1,40133332,3fe36634,3d4ccccd
19085000,1,1,40133332,3fe36634,3d4ccccd
19095000,1,1,40133332,3fe36634,3d4ccccd
19105000,1,1,40133332,3fe36634,3d4ccccd
19115000,1,1,40133332,3fe36634,3d4ccccd
19125000,1,1,40133332,3fe36634,3d4ccccd
19135000,1,1,40133332,3fe36634,3d4ccccd
19145000,1,1,40133332,3fe36634,3d4ccccd
19155000,1,1,40133332,3fe36634,3d4ccccd
19165000,1,1,40133332,3fe36634,3d4ccccd
19175000,1,1,40133332,3fe36634,3d4ccccd
19185000,1,1,40133332,3fe36634,3d4ccccd
19195000,1,1,40133332,3fe36634,3d4ccccd
19205000,1,1,40133332,3fe36634,3d4ccccd
19215000,1,1,40133332,3fe36634,3d4ccccd
19225000,1,1,40133332,3fe36634,3d4ccccd
19235000,1,1,40133332,3fe36634,3d4ccccd
19245000,1,1,40133332,3fe36634,3d4ccccd
19255000,1,1,40133332,3fe36634,3d4ccccd
19265000,1,1,40133332,3fe36634,3d4ccccd
19275000,1,1,40133332,3fe36634,3d4ccccd
19285000,1,1,40133332,3fe36634,3d4ccccd
19295000,1,1,40133332,3fe36634,3d4ccccd
19305000,1,1,40133332,3fe36634,3d4ccccd
19315000,1,1,40133332,3fe36634,3d4ccccd
19325000,1,1,40133332,3fe36634,3d4ccccd
19335000,1,1,40133332,3fe36634,3d4ccccd
19345000,1,1,40133332,3fe36634,3d4ccccd
19355000,1,1,40133332,3fe36634,3d4ccccd
19365000,1,1,40133332,3fe36634,3d4ccccd
19375000,1,1,40133332,3fe36634,3d4ccccd
19385000,1,1,40133332,3fe36634,3d4ccccd
19395000,1,1,40133332,3fe36634,3d4ccccd
19405000,1,1,40133332,3fe36634,3d4ccccd
19415000,1,1,40133332,3fe36634,3d4ccccd
19425000,1,1,40133332,3fe36634,3d4ccccd
19435000,1,1,40133332,3fe36634,3d4ccccd
19445000,1,1,40133332,3fe36634,3d4ccccd
19455000,1,1,40133332,3fe36634,3d4ccccd
19465000,1,1,40133332,3fe36634,3d4ccccd
19475000,1,1,40133332,3fe36634,3d4ccccd
19485000,1,1,40133332,3fe36634,3d4ccccd
19495000,1,1,40133332,3fe36634,3d4ccccd
19505000,1,1,40133332,3fe36634,3d4ccccd
19515000,1,1,40133332,3fe36634,3d4ccccd
19525000,1,1,40133332,3fe36634,3d4ccccd
19535000,1,1,40133332,3fe36634,3d4ccccd
19545000,1,1,40133332,3fe36634,3d4ccccd
19555000,1,1,40133332,3fe36634,3d4ccccd
19565000,1,1,40133332,3fe36634,3d4ccccd
19575000,1,1,40133332,3fe36634,3d4ccccd
19585000,1,1,40133332,3fe36634,3d4ccccd
19595000,1,1,40133332,3fe36634,3d4ccccd
19605000,1,1,40133332,3fe36634,3d4ccccd
19615000,1,1,40133332,3fe36634,3d4ccccd
19625000,1,1,40133332,3fe36634,3d4ccccd
19635000,1,1,40133332,3fe36634,3d4ccccd
19645000,1,1,40133332,3fe36634,3d4ccccd
19655000,1,1,40133332,3fe36634,3d4ccccd
19665000,1,1,40133332,3fe36634,3d4ccccd
19675000,1,1,40133332,3fe36634,3d4ccccd
19685000,1,1,40133332,3fe36634,3d4ccccd
19695000,1,1,40133332,3fe36634,3d4ccccd
19705000,1,1,40133332,3fe36634,3d4ccccd
19715000,1,1,40133332,3fe36634,3d4ccccd
19725000,1,1,40133332,3fe36634,3d4ccccd
19735000,1,1,40133332,3fe36634,3d4ccccd
19745000,1,1,40133332,3fe36634,3d4ccccd
19755000,1,1,40133332,3fe36634,3d4ccccd
19765000,1,1,40133332,3fe36634,3d4ccccd
19775000,1,1,40133332,3fe36634,3d4ccccd
19785000,1,1,40133332,3fe36634,3d4ccccd
19795000,1,1,40133332,3fe36634,3d4ccccd
19805000,1,1,40133332,3fe36634,3d4ccccd
19815000,1,1,40133332,3fe36634,3d4ccccd
19825000,1,1,40133332,3fe36634,3d4ccccd
19835000,1,1,40133332,3fe36634,3d4ccccd
19845000,1,1,40133332,3fe36634,3d4ccccd
19855000,1,1,40133332,3fe36634,3d4ccccd
19865000,1,1,40133332,3fe36634,3d4ccccd
19875000,1,1,40133332,3fe36634,3d4ccccd
19885000,1,1,40133332,3fe36634,3d4ccccd
19895000,1,1,40133332,3fe36634,3d4ccccd
19905000,1,1,40133332,3fe36634,3d4ccccd
19915000,1,1,40133332,3fe36634,3d4ccccd
19925000,1,1,40133332,3fe36634,3d4ccccd
19935000,1,1,40133332,3fe36634,3d4ccccd
19945000,1,1,40133332,3fe36634,3d4ccccd
19955000,1,1,40133332,3fe36634,3d4ccccd
19965000,1,1,40133332,3fe36634,3d4ccccd
19975000,1,1,40133332,3fe36634,3d4ccccd
19985000,1,1,40133332,3fe36634,3d4ccccd
19995000,1,1,40133332,3fe36634,3d4ccccd
